data;hora_utc;precipitacao_total;pressao_atmosferica_estacao_mB;pressao_atmosferica_max_hora_ant_mB;pressao_atmosferica_min_hora_ant_mB;radiacao_global;temperatura_do_ar;temperatura_ponto_orvalho;temperatura_max_hora_ant;temperatura_min_hora_ant;temperatura_orvalho_max_hora_ant;temperatura_orvalho_min_hora_ant;UMIDADE REL. MAX. NA HORA ANT. (AUT) (%);UMIDADE REL. MIN. NA HORA ANT. (AUT) (%);UMIDADE RELATIVA DO AR, HORARIA (%);VENTO, DIREÇÃO HORARIA (gr) (° (gr));VENTO, RAJADA MAXIMA (m/s);VENTO, VELOCIDADE HORARIA (m/s);
2022/01/01;0000 UTC;0;951,4;951,5;951,3;;23,5;21,1;24,1;23,5;21,3;20,7;86;82;86;179;10,4;5,2;
2022/01/01;0100 UTC;0;951,3;951,5;951,2;;22,9;21,3;23,5;22,8;21,3;20,9;90;86;90;184;9,1;3,7;
2022/01/01;0200 UTC;0;951,3;951,4;951,2;;22,6;21,3;23;22,6;21,3;21,1;92;90;92;180;7,6;3,9;
2022/01/01;0300 UTC;0;950,5;951,3;950,5;;22,4;21,4;22,6;22,4;21,5;21,3;94;92;94;174;7,7;4;
2022/01/01;0400 UTC;0;950;950,5;949,9;;22,4;21,5;22,5;22,3;21,5;21,4;95;94;95;174;8,1;4,1;
2022/01/01;0500 UTC;0;949,8;950,1;949,8;;22,3;21,5;22,4;22,3;21,6;21,4;95;95;95;152;7,9;4,3;
2022/01/01;0600 UTC;0;949,9;950;949,8;;22,3;21,5;22,4;22,2;21,5;21,4;95;95;95;169;7,9;3,6;
2022/01/01;0700 UTC;0;950,3;950,4;949,8;;22,3;21,5;22,4;22,3;21,6;21,4;95;95;95;188;8,6;3,8;
2022/01/01;0800 UTC;,2;951,2;951,2;950,3;8;21,9;21,4;22,4;21,9;21,6;21,3;97;95;97;177;8,6;3,9;
2022/01/01;0900 UTC;0;951,7;951,8;951,2;399,3;22,7;21,9;22,8;21,8;22,2;21,3;97;95;96;194;7,8;4;
2022/01/01;1000 UTC;0;952,2;952,2;951,7;937,7;23,7;21,7;23,7;22,6;22,1;21,4;96;88;88;182;8,4;3,8;
2022/01/01;1100 UTC;0;952,7;952,7;952,2;1551,6;24,6;20,3;24,9;23,4;21,6;19,9;88;76;77;196;8,3;5,2;
2022/01/01;1200 UTC;0;952,5;952,7;952,5;2379,7;26,5;20,4;26,7;24,5;21,3;20,1;77;69;69;191;8,3;3,9;
2022/01/01;1300 UTC;0;951,8;952,5;951,8;2221,9;27,5;18,8;27,9;25,9;21,1;18,5;71;58;59;176;8,6;4,6;
2022/01/01;1400 UTC;0;951,2;951,8;951,2;3255,7;29;19,1;29,4;27,4;19,6;18,2;59;54;55;180;8,8;4,3;
2022/01/01;1500 UTC;0;950,5;951,2;950,5;2387,7;29,1;19,2;29,5;28,4;19,3;18;56;52;55;186;9,2;4,2;
2022/01/01;1600 UTC;0;949,8;950,5;949,7;2836,6;29,9;18,8;30,7;28,7;19,5;18,2;55;50;51;188;10,1;4,7;
2022/01/01;1700 UTC;0;949,2;949,8;949,2;2446,8;29,9;18,9;30,9;29,1;19,1;17,8;52;48;52;184;10,1;4;
2022/01/01;1800 UTC;0;949;949,2;949;1955,6;29,6;18,6;30,3;29,3;18,8;17,9;52;49;52;176;8,5;4,6;
2022/01/01;1900 UTC;0;949;949;948,9;911,3;28;18,7;29,6;27,9;19,2;18,3;57;51;57;196;9,4;5,1;
2022/01/01;2000 UTC;0;949,5;949,5;949;253,5;26,3;19,8;28,1;26,3;19,8;18,5;68;57;68;202;10,6;6,1;
2022/01/01;2100 UTC;0;950,2;950,2;949,5;2,2;25,2;19,9;26,4;25,2;20,1;19,7;73;67;73;189;9,8;5;
2022/01/01;2200 UTC;0;951,2;951,2;950,2;;24,2;20;25,2;24,2;20;19,6;77;72;77;187;10,6;4,8;
2022/01/01;2300 UTC;0;952,1;952,1;951,2;;23,6;20,2;24,2;23,6;20,3;20;82;77;82;176;9,2;3,6;
2022/01/02;0000 UTC;0;952,5;952,6;952,1;;23;20,6;23,6;23;20,6;19,9;87;81;87;204;8,4;5;
2022/01/02;0100 UTC;0;952,1;952,6;952,1;;22,7;21,1;23;22,7;21,1;20,7;91;87;91;199;9,5;5,3;
2022/01/02;0200 UTC;0;951,9;952,2;951,9;;22,5;21,4;22,7;22,5;21,4;21,1;93;91;93;192;9,7;4,4;
2022/01/02;0300 UTC;0;951,4;951,9;951,4;;22,3;21,4;22,6;22,3;21,5;21,3;95;93;95;185;8,2;4,4;
2022/01/02;0400 UTC;0;951;951,4;950,9;;22,2;21,5;22,4;22,2;21,5;21,4;96;95;96;193;8;3,9;
2022/01/02;0500 UTC;0;950,9;951;950,8;;22,2;21,6;22,3;22,1;21,6;21,4;96;96;96;189;8;3,3;
2022/01/02;0600 UTC;0;950,8;950,9;950,7;;22,2;21,5;22,4;22,2;21,7;21,5;96;96;96;186;8,5;3,3;
2022/01/02;0700 UTC;0;950,9;950,9;950,8;;22,1;21,5;22,2;22,1;21,6;21,4;97;96;97;187;6,9;2,8;
2022/01/02;0800 UTC;0;951,5;951,5;950,9;11,2;22;21,4;22,1;21,9;21,5;21,4;97;96;97;176;6,3;2,4;
2022/01/02;0900 UTC;0;952,3;952,3;951,5;400,9;22,7;21,9;22,8;22;22;21,4;97;95;95;181;4,9;1,6;
2022/01/02;1000 UTC;,2;952,8;952,8;952,3;442,5;22,6;21,7;23,2;22,5;22,2;21,5;95;93;94;180;5,5;3;
2022/01/02;1100 UTC;,6;953,2;953,3;952,8;1651,4;24,9;22;25,3;22,6;23,2;21,8;95;84;84;176;6,9;3,5;
2022/01/02;1200 UTC;,2;953,1;953,3;953,1;2691,1;27,1;21,4;27,2;24,5;22,4;21;84;71;71;185;7,5;4,3;
2022/01/02;1300 UTC;0;952,4;953,1;952,4;3305,7;28,8;20,2;29;27,1;22;19,6;71;58;60;186;8,4;3,9;
2022/01/02;1400 UTC;0;951,6;952,4;951,5;3397,4;29,7;19,5;30,7;28,2;21,2;19,2;62;54;54;174;8,4;3,5;
2022/01/02;1500 UTC;0;950,8;951,6;950,8;3141,5;29,8;18,7;31,1;29,6;20,2;18,5;55;51;51;180;8,3;3,2;
2022/01/02;1600 UTC;0;949,8;950,8;949,8;2861,5;31,1;19,7;31,8;29,5;19,7;18,4;53;47;51;180;8,8;3,9;
2022/01/02;1700 UTC;0;949;949,8;949;2654,3;31,1;18,9;32,1;30,5;19,7;18,1;51;45;48;155;10;4,3;
2022/01/02;1800 UTC;0;948,8;949;948,8;2200,1;30;19,6;31,6;30;19,9;18,8;54;48;54;184;10;5,5;
2022/01/02;1900 UTC;0;949;949;948,6;1068,3;28,5;20;30,1;28,5;20,3;19,6;60;54;60;187;11,6;6,6;
2022/01/02;2000 UTC;0;949,5;949,5;948,9;476,7;27,5;20,2;28,5;27,5;20,4;19,9;65;60;65;179;11,8;5,3;
2022/01/02;2100 UTC;0;950,5;950,5;949,4;10,2;25,6;20,5;27,5;25,6;20,6;20,2;74;65;74;187;11,1;6;
2022/01/02;2200 UTC;0;951,6;951,6;950,5;;24,6;20,4;25,6;24,6;20,7;20,4;78;74;78;189;11,1;5;
2022/01/02;2300 UTC;0;952;952,1;951,6;;23,9;21;24,6;23,8;21;20,4;84;78;84;188;10,1;5,3;
2022/01/03;0000 UTC;0;952,8;952,8;952;;23,5;21,5;23,9;23,5;21,5;21;88;84;88;183;9;4,4;
2022/01/03;0100 UTC;0;952;952,7;952;;23;21,3;23,5;23;21,5;21,3;91;88;90;170;9;5,4;
2022/01/03;0200 UTC;0;951,9;952;951,8;;23;21,6;23,1;22,9;21,6;21,3;92;90;92;360;9;2,9;
2022/01/03;0300 UTC;,4;951,2;951,9;951,2;;22,6;21,9;23,1;22,4;21,9;21,4;96;91;96;179;7,1;4,2;
2022/01/03;0400 UTC;,2;950,9;951,2;950,9;;22,4;21,7;22,6;22,3;21,9;21,6;96;96;96;166;8,6;5;
2022/01/03;0500 UTC;0;950,9;951;950,8;;22,3;21,7;22,5;22,1;21,9;21,5;97;96;97;355;8;3,2;
2022/01/03;0600 UTC;0;951,2;951,2;950,8;;22,2;21,6;22,3;22,2;21,7;21,5;97;96;96;176;6,7;2,9;
2022/01/03;0700 UTC;0;951,6;951,6;951,2;;22,3;21,6;22,3;22,1;21,7;21,5;97;96;96;160;5,9;2,8;
2022/01/03;0800 UTC;0;952;952;951,6;9,2;22,1;21,5;22,3;22;21,6;21,4;97;96;97;193;6,5;2,9;
2022/01/03;0900 UTC;0;952,5;952,5;952;294,8;22,6;21,9;22,8;22,1;22,2;21,5;97;95;96;133;6,6;3,7;
2022/01/03;1000 UTC;0;953;953;952,5;1091;24,8;22,6;24,8;22,6;22,9;21,8;96;88;88;167;7,3;2,7;
2022/01/03;1100 UTC;0;953,2;953,2;953;1617,5;24,7;20,4;25,4;24;22,4;20,4;88;77;77;164;8,3;4,2;
2022/01/03;1200 UTC;0;953;953,2;953;1082,8;25,2;19,9;25,3;24,6;20,7;19,2;78;71;72;164;8,9;3,7;
2022/01/03;1300 UTC;0;952,8;953;952,8;2707,9;27,5;21;27,5;25,2;21,4;20;73;66;68;190;8;3,7;
2022/01/03;1400 UTC;0;952,2;952,8;952,2;2805,7;27,7;20,3;28,4;26,7;21,1;19,9;69;62;64;187;8,7;4,5;
2022/01/03;1500 UTC;0;951,1;952,2;951,1;3456,3;28,9;19,7;30;27,7;20,9;18,8;64;54;58;145;8,7;4,7;
2022/01/03;1600 UTC;0;950,3;951,1;950,2;2796,2;29,3;19,5;30,4;28,8;20,4;19,3;59;54;55;179;9,7;5;
2022/01/03;1700 UTC;0;949,1;950,3;949,1;2259,5;29,2;19,8;30,3;28,7;20,2;18,9;58;53;57;139;9,8;5,6;
2022/01/03;1800 UTC;0;948,8;949,1;948,7;1876,7;28,8;19,2;29,6;28,4;20,2;19;59;55;56;190;9,9;6,2;
2022/01/03;1900 UTC;0;948,8;948,9;948,7;996;27,5;19,9;29,3;27,4;20;19,3;63;56;63;139;11,5;5,8;
2022/01/03;2000 UTC;0;949,5;949,5;948,7;256,8;26,3;20,2;27,7;26,2;20,3;19,6;69;62;69;150;11;5,4;
2022/01/03;2100 UTC;0;950;950,1;949,5;1,1;25,1;20,6;26,3;24,9;20,6;20,1;77;69;76;123;11,5;5,2;
2022/01/03;2200 UTC;0;950,4;950,4;950;;24,2;20,5;25,1;24,2;20,8;20,5;80;76;80;194;9,8;5,8;
2022/01/03;2300 UTC;0;951,4;951,4;950,4;;23,3;20,6;24,2;23,3;20,6;20,2;85;79;84;182;9,7;4,5;
2022/01/04;0000 UTC;0;951,9;952;951,4;;23,1;21;23,3;23;21;20,5;88;84;88;184;8,6;3,7;
2022/01/04;0100 UTC;0;951,6;952,1;951,6;;22,6;21,1;23,1;22,6;21,3;20,9;92;88;91;195;7,3;3,8;
2022/01/04;0200 UTC;0;951,3;951,6;951,3;;22,4;21,4;22,6;22;21,4;20,4;94;91;94;188;7,8;3,4;
2022/01/04;0300 UTC;0;950,4;951,3;950,4;;22,3;21,6;22,5;22,2;21,7;21,4;96;94;96;203;7,3;4;
2022/01/04;0400 UTC;0;949,9;950,4;949,9;;22,1;21,5;22,3;22,1;21,7;21,4;96;96;96;183;8,2;4,2;
2022/01/04;0500 UTC;0;949,2;949,9;949,2;;22,1;21,6;22,3;22;21,6;21,5;97;96;97;188;8,5;3,4;
2022/01/04;0600 UTC;0;949,3;949,4;949,2;;22;21,5;22,1;21,9;21,6;21,3;97;97;97;203;7,8;5,1;
2022/01/04;0700 UTC;0;949,3;949,4;949,3;;21,8;21,3;22;21,8;21,5;21,3;97;97;97;187;7,8;3,9;
2022/01/04;0800 UTC;0;950;950;949,4;10,2;21,9;21,4;21,9;21,7;21,4;21,1;97;97;97;192;8,4;2,9;
2022/01/04;0900 UTC;0;950,5;950,5;950;279,8;22,3;21,7;22,3;21,8;21,7;21,3;97;96;96;187;6,8;3,6;
2022/01/04;1000 UTC;0;950,9;950,9;950,5;961,6;23,8;21,6;24;22,2;22,5;21,5;96;88;88;189;7;4,1;
2022/01/04;1100 UTC;0;951;951,2;950,8;2067,2;25,8;20,7;25,8;23,7;22;19,9;88;74;74;184;8,6;3,9;
2022/01/04;1200 UTC;0;950,9;951,1;950,8;2927,2;27,6;19,4;27,7;25,3;20,9;19;74;60;61;193;9;4,7;
2022/01/04;1300 UTC;0;950,4;950,9;950,4;2943,4;28,1;19,6;28,9;26,9;20,3;18,5;62;58;60;172;7,6;3,4;
2022/01/04;1400 UTC;0;949,8;950,4;949,8;3194,7;29,6;19;30,2;28;21;18,9;62;53;53;173;7,7;3,5;
2022/01/04;1500 UTC;0;948,8;949,8;948,8;3350,3;30,6;18,4;31,8;29,2;20;18,2;54;47;48;176;7,9;3,3;
2022/01/04;1600 UTC;0;948,3;948,8;948,3;3652,9;30,7;19,6;31,8;30,2;20,4;18,3;53;48;52;184;8;4;
2022/01/04;1700 UTC;0;947,5;948,3;947,5;3113,1;30,6;20,1;31,6;30,4;20,3;19,2;54;49;54;310;9,9;4,9;
2022/01/04;1800 UTC;0;947,7;947,8;947,5;1468,6;29,5;19,8;31,7;29,1;20,6;19,5;57;51;56;184;9,9;4,8;
2022/01/04;1900 UTC;0;948,2;948,2;947,6;335,8;26,8;20,3;29,6;26,8;20,5;19,6;68;56;68;140;14,3;5,8;
2022/01/04;2000 UTC;0;948,8;948,9;948,2;87,8;26;19,9;26,9;26;20,6;19,9;70;68;69;174;10,7;6,1;
2022/01/04;2100 UTC;0;949,3;949,4;948,8;1,4;25,4;20;26;25,3;20,1;19,9;72;69;72;178;10,7;5,3;
2022/01/04;2200 UTC;0;950,1;950,1;949,3;;23,7;20,5;25,3;23,7;20,5;19,9;82;72;82;187;10,9;6;
2022/01/04;2300 UTC;0;950,9;950,9;950,1;;23;21,2;23,7;22,6;21,3;19,9;90;82;90;175;12;4,3;
2022/01/05;0000 UTC;0;951,1;951,2;950,8;;22,8;21,2;23;22,8;21,3;21,1;91;90;91;182;8,5;3,7;
2022/01/05;0100 UTC;0;951,1;951,4;951;;22,8;21,3;23;22,8;21,3;21,2;91;90;91;195;6,8;3,9;
2022/01/05;0200 UTC;0;950,7;951,2;950,7;;22,8;21,4;22,9;22,8;21,4;21,3;92;91;92;201;7,2;4;
2022/01/05;0300 UTC;0;950,1;950,7;950;;22,8;21,3;22,8;22,7;21,5;21,3;92;92;92;204;7,4;4,2;
2022/01/05;0400 UTC;0;949,7;950,1;949,6;;22,5;21,4;22,8;22,4;21,4;21,3;94;92;94;189;7,4;3,2;
2022/01/05;0500 UTC;0;949,6;949,7;949,5;;22,2;21,3;22,5;22,2;21,4;21,2;94;94;94;175;5,4;2,6;
2022/01/05;0600 UTC;0;949,7;949,7;949,6;;22,3;21,3;22,3;22,1;21,4;21,2;95;94;94;175;4,1;1,9;
2022/01/05;0700 UTC;0;950,1;950,1;949,6;;22,2;20,8;22,4;22,2;21,3;20,8;94;92;92;171;6;2,8;
2022/01/05;0800 UTC;0;950,3;950,3;950,1;8,7;22;21;22,3;21,8;21;20,8;94;92;94;186;5,5;1,7;
2022/01/05;0900 UTC;0;950,9;950,9;950,3;184,5;22;21;22,2;21,7;21,2;20,8;95;94;94;179;5,4;1,4;
2022/01/05;1000 UTC;0;951,4;951,4;950,9;444,2;22,6;21,2;22,6;21,8;21,4;20,9;94;92;92;183;5,5;3;
2022/01/05;1100 UTC;0;951,4;951,5;951,3;1229,8;23,6;21,4;23,6;22,1;21,6;20,6;92;87;87;189;8,6;3,5;
2022/01/05;1200 UTC;0;951,3;951,5;951,3;1947;25,2;20,2;25,9;23,5;21,7;20,2;88;73;74;191;7,6;4,7;
2022/01/05;1300 UTC;0;951;951,4;951;2598,2;27,3;20;28,1;25,1;21,4;19,7;76;63;64;182;9;4,1;
2022/01/05;1400 UTC;0;951;951,2;950,9;1809,2;25,9;21,1;27,6;25,1;21,5;19,5;77;63;75;351;10,1;3,9;
2022/01/05;1500 UTC;0;950,3;951;950,3;3235,2;26,3;21,4;27,1;25,5;21,9;20,8;77;72;74;352;8,9;4,6;
2022/01/05;1600 UTC;0;949,7;950,3;949,7;2282,3;25,8;20,7;27;25;21,7;20,3;77;71;73;235;10,4;4,3;
2022/01/05;1700 UTC;0;949,4;949,7;949,4;1399,1;25,7;20,9;26,3;24,8;21,5;20,2;78;73;75;22;9,8;4;
2022/01/05;1800 UTC;0;949;949,4;949;1045,2;25,6;20,1;25,7;24,4;20,7;19,5;77;71;72;199;9,6;4,8;
2022/01/05;1900 UTC;0;948,9;949,2;948,9;849,2;25,6;20,8;25,7;25;20,8;19,7;75;71;75;164;9,3;4,2;
2022/01/05;2000 UTC;0;949,2;949,2;948,9;326,4;24,6;20,8;25,6;24,5;20,8;20,3;80;74;80;174;8,8;4,1;
2022/01/05;2100 UTC;0;949,8;949,8;949,2;1,2;23;20,5;24,7;23;21,2;20,5;87;80;86;169;8;3,8;
2022/01/05;2200 UTC;0;950,3;950,3;949,8;;22,1;20,7;23;21,7;20,8;20,3;92;86;92;144;8,5;2,9;
2022/01/05;2300 UTC;0;950,9;950,9;950,3;;22,1;21;22,2;22;21,1;20,7;94;92;94;165;6,8;3,2;
2022/01/06;0000 UTC;,2;951,1;951,2;950,9;;22,1;21,4;22,3;22,1;21,6;21;96;94;95;139;7,8;3,9;
2022/01/06;0100 UTC;,8;951,3;951,4;951,1;;21,8;21,4;22,3;21,8;21,6;21,2;97;95;97;54;7,8;2,9;
2022/01/06;0200 UTC;,8;950,8;951,3;950,8;;21,7;21,4;21,9;21,6;21,5;21,2;98;97;98;173;6,2;2,9;
2022/01/06;0300 UTC;0;950,4;950,8;950,4;;21,7;21,4;21,9;21,4;21,6;21,1;98;98;98;189;6;2,5;
2022/01/06;0400 UTC;,2;949,6;950,4;949,6;;21,8;21,6;21,9;21,6;21,6;21,3;99;98;98;11;4,5;2,2;
2022/01/06;0500 UTC;0;949,7;949,8;949,6;;22;21,7;22;21,8;21,8;21,5;99;98;99;245;4,5;2,3;
2022/01/06;0600 UTC;0;949,9;949,9;949,6;;22,1;21,8;22,1;21,9;21,8;21,6;99;98;98;106;5,8;2,2;
2022/01/06;0700 UTC;0;950,2;950,2;949,9;;22;21,7;22,2;22;21,9;21,7;98;98;98;174;5,1;2,1;
2022/01/06;0800 UTC;,6;950,8;950,8;950,1;12;21,9;21,6;22,1;21,7;21,8;21,5;99;98;99;181;5,5;2,4;
2022/01/06;0900 UTC;,2;951,3;951,3;950,8;273,4;22,1;21,9;22,1;21,8;21,9;21,6;99;98;99;129;5,6;2,7;
2022/01/06;1000 UTC;0;951,5;951,6;951,3;800,5;23,5;22,6;23,5;22;22,9;21,7;99;94;95;354;5,8;2,2;
2022/01/06;1100 UTC;0;951,6;951,7;951,5;2106,8;25,4;20,6;25,7;23,5;22,9;20,5;95;74;75;39;7,6;3;
2022/01/06;1200 UTC;0;951,5;951,6;951,5;2666,5;26,6;20;27,2;25,2;21,1;20;75;67;67;192;7,3;3,8;
2022/01/06;1300 UTC;0;951;951,5;951;3578,1;28,2;20,4;28,4;26,5;21,8;19,8;68;63;63;35;7,8;3,6;
2022/01/06;1400 UTC;0;950,7;951;950,6;3706,4;28,8;20,3;29,5;27,6;21;19,7;64;59;60;22;8,1;3,5;
2022/01/06;1500 UTC;0;950,3;950,7;950,2;2933;28,2;20,6;29,9;28;21,7;20,2;64;60;64;205;8;4,1;
2022/01/06;1600 UTC;0;949,7;950,4;949,7;3252,9;28,4;20,1;29,1;26,9;21,7;19,9;70;59;61;13;10;4,8;
2022/01/06;1700 UTC;0;948,8;949,7;948,8;3026,4;28,7;20;29,5;27,9;21,2;19,3;63;57;59;13;9,1;4,8;
2022/01/06;1800 UTC;0;948,8;948,8;948,6;1571,3;27,6;21,3;28,8;27,4;22;19,7;70;59;69;62;9,2;4,8;
2022/01/06;1900 UTC;0;949,3;949,3;948,8;941,7;26,1;21,5;28;26;21,9;21,1;76;68;76;353;10;4,4;
2022/01/06;2000 UTC;0;949,6;949,6;949,2;248;25,4;21,7;26,1;25,4;21,7;21,2;80;76;80;154;7,9;4,1;
2022/01/06;2100 UTC;0;950;950,1;949,6;3,7;25,1;21,5;25,5;25,1;21,8;21,4;81;80;80;354;7;3,2;
2022/01/06;2200 UTC;0;950,6;950,6;950;;24,3;21,4;25,1;24,3;21,6;21,3;84;80;84;168;10,1;6;
2022/01/06;2300 UTC;0;951,3;951,3;950,6;;23,6;21,5;24,3;23,6;21,5;21,2;88;84;88;43;10,8;3,4;
2022/01/07;0000 UTC;0;951,6;951,6;951,3;;23,3;21,4;23,6;23,3;21,6;21,4;89;88;89;140;8,6;4;
2022/01/07;0100 UTC;0;951,5;951,7;951,5;;22,9;21,5;23,4;22,9;21,6;21,4;92;89;92;177;8,6;3,5;
2022/01/07;0200 UTC;0;951;951,5;951;;22,6;21,5;22,9;22,6;21,6;21,4;93;92;93;114;7,5;3,9;
2022/01/07;0300 UTC;0;950,6;951;950,6;;22,5;21,5;22,7;22,5;21,6;21,4;94;93;94;130;7,5;3,5;
2022/01/07;0400 UTC;0;950,1;950,6;950,1;;22,4;21,5;22,6;22,3;21,6;21,4;95;94;95;174;7,3;3,7;
2022/01/07;0500 UTC;0;950;950,1;950;;22,3;21,6;22,4;22,3;21,7;21,4;96;95;96;146;7,7;4,7;
2022/01/07;0600 UTC;0;950;950;949,9;;22,2;21,5;22,4;22,2;21,7;21,4;96;96;96;160;7,7;3,2;
2022/01/07;0700 UTC;0;950,5;950,5;949,9;;22,2;21,5;22,3;22,2;21,6;21,5;96;96;96;178;5,9;2,8;
2022/01/07;0800 UTC;0;951;951,1;950,5;6;22;21,4;22,2;22;21,5;21,3;96;96;96;135;6,6;3;
2022/01/07;0900 UTC;0;951,4;951,5;951;222,6;22,4;21,7;22,4;22;21,7;21,3;96;95;96;158;6,7;3,5;
2022/01/07;1000 UTC;0;951,9;951,9;951,4;911;24,1;21,9;24,2;22,4;22,2;21,5;96;87;87;280;6,7;3,4;
2022/01/07;1100 UTC;0;952,2;952,2;951,9;2320,6;25,9;20;26,2;24,1;22,5;20;87;70;70;190;8,1;4,7;
2022/01/07;1200 UTC;0;952,1;952,3;952;2332,4;26,5;20,5;27;25,9;21,2;19,4;72;66;70;128;7,7;3,6;
2022/01/07;1300 UTC;0;951,7;952,1;951,7;2090,9;27,5;19,6;28,1;26,2;20,8;19;70;60;62;119;7,5;3,7;
2022/01/07;1400 UTC;0;951,2;951,7;951,2;2855,6;28,5;19,7;29,4;27,3;20,6;19;62;56;59;176;8,3;2,9;
2022/01/07;1500 UTC;0;950,5;951,3;950,5;3222,7;29,3;19,5;30,9;28,2;20,6;19,1;60;52;56;185;8,6;3,9;
2022/01/07;1600 UTC;0;949,6;950,6;949,6;1691,3;29,5;20,4;30,5;28,7;20,6;19,2;59;54;58;116;7,9;3,2;
2022/01/07;1700 UTC;0;948,9;949,7;948,9;2132,2;30,2;19;30,8;29;20,6;18,6;58;50;51;205;9,3;3,4;
2022/01/07;1800 UTC;0;949;949;948,8;2128,7;29,4;20,3;30,8;28,9;20,8;19;60;51;58;12;10;3,8;
2022/01/07;1900 UTC;0;949,2;949,2;949;1226,2;28,2;20,8;29,6;28,1;21,5;19,9;65;58;64;10;11,1;3,9;
2022/01/07;2000 UTC;0;949,8;949,8;949,2;469,2;26,7;20,2;28,4;26,7;20,8;19,7;68;63;68;161;9,6;4,9;
2022/01/07;2100 UTC;0;950,3;950,3;949,8;4,4;25,5;20,7;26,8;25,5;20,7;20,2;75;68;75;40;9,2;4,2;
2022/01/07;2200 UTC;0;950,9;950,9;950,2;;24,1;21,2;25,5;24,1;21,2;20,6;84;75;84;125;9,9;5,2;
2022/01/07;2300 UTC;0;951,3;951,3;950,9;;23,3;20,9;24,1;23,3;21,3;20,8;87;84;87;114;10;5,4;
2022/01/08;0000 UTC;0;951,6;951,7;951,3;;23;21;23,3;23;21;20,8;88;87;88;62;8,6;3,2;
2022/01/08;0100 UTC;0;951,6;951,8;951,5;;22,8;21,2;23,1;22,8;21,2;21;91;88;91;148;8,2;3,7;
2022/01/08;0200 UTC;0;951,1;951,6;951,1;;22,7;21,3;22,9;22,7;21,5;21,2;92;91;92;180;7,8;4,6;
2022/01/08;0300 UTC;0;950,7;951,1;950,7;;22,5;21,4;22,7;22,5;21,4;21,2;93;92;93;159;7,6;3,4;
2022/01/08;0400 UTC;0;950,4;950,7;950,4;;22,3;21,4;22,5;22,3;21,5;21,3;95;93;95;171;8,3;3,6;
2022/01/08;0500 UTC;0;950,3;950,5;950,2;;22,2;21,4;22,4;22,1;21,5;21,2;95;94;95;186;7,6;3,3;
2022/01/08;0600 UTC;0;950;950,3;950;;22;21,4;22,2;22;21,4;21,3;96;95;96;194;8;4,4;
2022/01/08;0700 UTC;0;950,2;950,2;950;;22;21,3;22,1;21,9;21,4;21,3;96;96;96;181;8;3,9;
2022/01/08;0800 UTC;0;950,6;950,6;950,2;9,7;21,9;21,2;22;21,8;21,3;21,2;96;96;96;176;7,4;3,9;
2022/01/08;0900 UTC;0;951,1;951,2;950,6;330;22,6;21,7;22,6;21,9;21,7;21,2;96;95;95;171;7,2;3,7;
2022/01/08;1000 UTC;0;951,7;951,7;951,1;1362,8;23,9;20,9;24,5;22,5;22,3;20,8;95;82;83;189;7,8;4,5;
2022/01/08;1100 UTC;0;951,7;951,8;951,6;1727,7;24,6;20,5;25,8;23,9;21,2;20;83;73;78;355;8,1;3,3;
2022/01/08;1200 UTC;0;951,6;951,9;951,4;2384;26,6;19,4;26,8;24,5;21;19,3;79;64;65;183;8,5;4,1;
2022/01/08;1300 UTC;0;951,1;951,6;951,1;2817,1;27,8;18,9;28,2;26,5;19,9;18,4;66;57;58;168;9,5;3,8;
2022/01/08;1400 UTC;0;950,4;951,2;950,4;2932,2;28,6;17,9;30,1;27,5;19,5;17,7;59;50;52;353;10,2;3,4;
2022/01/08;1500 UTC;0;949,7;950,4;949,7;2479,9;29,9;17,6;30,4;28,2;19,2;16,6;55;45;48;191;9,6;4,1;
2022/01/08;1600 UTC;0;948,8;949,8;948,8;3119,1;30,2;17,8;30,9;29,3;18,8;16,6;49;45;48;174;11,3;4,8;
2022/01/08;1700 UTC;0;948,3;948,8;948,2;3099,7;30,7;17,3;31,3;29,9;18,2;16,5;48;43;45;127;9,9;4,3;
2022/01/08;1800 UTC;0;948,5;948,5;948,2;2266,6;29,8;18,1;31;29,5;18,9;17,1;51;44;50;295;8,7;3,6;
2022/01/08;1900 UTC;0;948,9;948,9;948,4;1193,1;28,8;17,7;29,7;28,7;18,4;17,6;53;50;51;167;8,5;4,5;
2022/01/08;2000 UTC;0;949,6;949,6;948,8;471;27,6;17,8;28,9;27,6;18;17,5;55;51;55;184;7,9;3,9;
2022/01/08;2100 UTC;0;950,5;950,5;949,6;7,8;26,2;17,7;27,6;26,2;17,8;17,3;59;55;59;170;7,6;3,3;
2022/01/08;2200 UTC;0;951,2;951,2;950,5;;24,7;18,8;26,2;24,7;18,8;17,7;70;59;70;86;6,2;3,2;
2022/01/08;2300 UTC;0;952;952;951,2;;23,6;19,5;24,7;23,6;19,5;18,8;78;70;78;104;7,2;3,8;
2022/01/09;0000 UTC;0;952;952;951,9;;22,9;20,2;23,6;22,9;20,2;19,6;85;78;85;355;7,2;2,9;
2022/01/09;0100 UTC;0;952,1;952,1;952;;22,4;20,5;23;22,4;20,5;20,2;89;85;89;113;6,6;1,6;
2022/01/09;0200 UTC;0;951,8;952,2;951,8;;22;20,7;22,4;22;20,7;20,4;92;89;92;117;5,1;2,3;
2022/01/09;0300 UTC;0;951,1;951,8;951,1;;21,8;20,7;22,1;21,8;20,8;20,7;94;92;94;153;5,2;1,8;
2022/01/09;0400 UTC;0;950,9;951,1;950,8;;21,9;21;22;21,8;21,1;20,7;95;94;95;189;4,7;2,7;
2022/01/09;0500 UTC;0;950,5;950,9;950,5;;21,9;21,1;22;21,8;21,2;21;96;95;95;193;5,9;2,9;
2022/01/09;0600 UTC;0;950,9;950,9;950,5;;21,9;21,2;21,9;21,7;21,2;21;96;95;96;174;6,1;3,1;
2022/01/09;0700 UTC;0;951,4;951,4;950,9;;21,9;21,2;22;21,8;21,3;21,1;96;96;96;191;6,1;3,1;
2022/01/09;0800 UTC;0;951,8;951,8;951,4;11,1;21,7;21,2;21,9;21,6;21,2;21,1;97;96;97;195;5,5;3;
2022/01/09;0900 UTC;0;952,5;952,5;951,8;327,4;22,6;21,9;22,6;21,7;21,9;21,2;97;96;96;183;5,5;2,5;
2022/01/09;1000 UTC;0;953;953;952,5;960,1;24;22;24;22,4;22,2;21,6;96;89;89;185;5,9;3,4;
2022/01/09;1100 UTC;0;953,1;953,2;953;2007,4;26,3;21,4;26,3;23,8;21,9;20,6;89;74;74;179;7,5;3,6;
2022/01/09;1200 UTC;0;952,7;953,1;952,6;2803,7;27,1;19,8;27,8;26;21,3;19,8;74;64;64;195;8,4;4,4;
2022/01/09;1300 UTC;0;952,2;952,7;952,2;3446,7;29,5;19,8;29,5;26,7;20,7;19,1;66;56;56;175;8,7;4,1;
2022/01/09;1400 UTC;0;951,4;952,2;951,4;3520,5;30,5;19,5;30,6;28,6;20;18,7;57;50;52;183;8,3;3,1;
2022/01/09;1500 UTC;0;950,5;951,4;950,5;3586,3;31,6;18;31,9;29,9;19,7;17,5;53;44;44;187;7,6;3,8;
2022/01/09;1600 UTC;0;949,5;950,5;949,5;2814;31,9;17;32,4;30,8;18,8;15,9;46;38;41;166;7,8;3,6;
2022/01/09;1700 UTC;0;949;949,5;948,9;2750,4;31,6;17,2;32,8;31,2;17,7;16,4;43;39;42;172;10,2;4,7;
2022/01/09;1800 UTC;0;948,7;949;948,5;2251,8;31,6;17,2;32;30,8;17,7;16,1;44;40;42;182;10,2;4,7;
2022/01/09;1900 UTC;0;949;949;948,6;1105,1;30;18;31,7;29,8;18,2;17,4;49;42;49;190;9,7;5,1;
2022/01/09;2000 UTC;0;949,5;949,5;948,9;528,9;28,1;18,7;30,1;28,1;18,7;17,9;57;49;57;189;10,2;5,3;
2022/01/09;2100 UTC;0;950,4;950,4;949,5;4,9;26,6;19,5;28,1;26,6;19,5;18,7;65;57;65;188;10,2;5,3;
2022/01/09;2200 UTC;0;951,1;951,1;950,4;;25,3;20,1;26,6;25,3;20,1;19,6;73;65;73;195;9,8;4,1;
2022/01/09;2300 UTC;0;951,7;951,7;951,1;;24,1;20,8;25,3;24,1;20,8;20,1;81;73;81;172;8,9;5,2;
2022/01/10;0000 UTC;0;951,9;951,9;951,7;;23,5;21,2;24,2;23,5;21,2;20,7;87;81;87;135;8,4;4,1;
2022/01/10;0100 UTC;0;951,8;952;951,8;;23;21;23,6;23;21,3;20,9;88;87;88;188;6,9;3,6;
2022/01/10;0200 UTC;0;951,3;951,9;951,3;;22,6;21;23;22,6;21,1;20,9;90;88;90;200;6,8;2,8;
2022/01/10;0300 UTC;0;950,6;951,4;950,6;;22,5;21,2;22,7;22,5;21,2;21;92;90;92;185;5,4;2,9;
2022/01/10;0400 UTC;0;950,4;950,6;950,3;;22,4;21,2;22,6;22,4;21,3;21,1;93;92;93;186;4,7;1,9;
2022/01/10;0500 UTC;0;950,5;950,6;950,4;;22,3;21,2;22,4;22,2;21,3;21,1;94;93;94;178;3,6;1,3;
2022/01/10;0600 UTC;0;950,4;950,6;950,4;;22,1;21,2;22,2;22;21,2;21,1;95;94;95;171;3,5;,6;
2022/01/10;0700 UTC;0;950,6;950,6;950,4;;22,1;21,1;22,2;22,1;21,2;21,1;95;94;94;171;3,4;2;
2022/01/10;0800 UTC;0;951,2;951,2;950,6;2,6;22,3;21,1;22,3;22,1;21,2;21;94;93;93;182;4,4;1,9;
2022/01/10;0900 UTC;0;952;952;951,2;206,2;22,6;21,5;22,7;22,3;21,6;21,1;93;93;93;176;5,4;2,5;
2022/01/10;1000 UTC;0;952,5;952,5;952;906,4;23,7;21,9;24;22,6;22,6;21,5;94;89;89;178;5,6;2,9;
2022/01/10;1100 UTC;0;952,5;952,6;952,5;1396,6;25,1;21,4;25,4;23,6;22,8;21,4;90;80;80;177;7,2;4,2;
2022/01/10;1200 UTC;0;952,1;952,5;952,1;2307,7;26,7;21,2;27,6;24,8;22,4;21,2;82;71;72;179;7,1;3;
2022/01/10;1300 UTC;0;951,6;952,2;951,6;2947,3;28,6;19,9;29,4;26,2;22,1;19,6;74;58;59;178;10;4,7;
2022/01/10;1400 UTC;0;950,9;951,6;950,9;2472,2;29,3;19,6;29,8;28,4;21;19,4;61;55;56;180;10;3,6;
2022/01/10;1500 UTC;0;950,1;950,9;950,1;3077,4;31,1;19,8;31,4;29,3;19,9;18,8;56;50;51;183;9,9;4,3;
2022/01/10;1600 UTC;0;949,3;950,1;949,3;2632,1;30,4;19,5;31,7;30;20,2;18,8;53;49;52;186;9,9;3,7;
2022/01/10;1700 UTC;0;949;949,4;948,9;2711,1;31,1;19,5;32;30,3;19,9;18,7;52;47;50;185;9,9;4,8;
2022/01/10;1800 UTC;0;948,8;949;948,7;1916,4;29,8;19,5;31,4;29,8;20;19;54;49;54;184;9,8;4,5;
2022/01/10;1900 UTC;0;948,9;949;948,7;1217,6;28,9;20,4;30,9;28,8;20,5;19,6;60;53;60;186;10,1;4,9;
2022/01/10;2000 UTC;0;949,6;949,6;948,9;497,8;28,2;20,1;29,7;28,2;20,6;19,8;62;57;61;194;9,1;5,4;
2022/01/10;2100 UTC;0;950,3;950,3;949,6;6,7;26,2;21,2;28,2;26,2;21,3;20,1;74;62;74;193;10,3;5,7;
2022/01/10;2200 UTC;0;951;951;950,2;;25,2;21,1;26,2;25,2;21,2;21;78;74;78;194;9,4;4,6;
2022/01/10;2300 UTC;0;951,7;951,7;951;;24,4;20,9;25,2;24,4;21,4;20,9;81;78;81;189;8,9;4,4;
2022/01/11;0000 UTC;0;952,2;952,3;951,7;;23,8;21,3;24,5;23,8;21,5;20,8;86;81;86;178;8,9;3,2;
2022/01/11;0100 UTC;0;952,2;952,3;952,1;;23,7;21,9;23,9;23,5;21,9;21,3;90;86;90;189;6;3,2;
2022/01/11;0200 UTC;0;951,4;952,2;951,4;;23,4;21,7;23,7;23,4;21,8;21,6;90;89;90;183;6,4;3,2;
2022/01/11;0300 UTC;0;950,8;951,4;950,7;;23,1;21,6;23,4;23,1;21,7;21,5;92;90;92;194;7;3,3;
2022/01/11;0400 UTC;0;950,2;950,8;950,2;;22,9;21,8;23,1;22,9;21,9;21,6;93;92;93;184;5,8;2,4;
2022/01/11;0500 UTC;0;949,9;950,2;949,9;;22,8;21,8;22,9;22,6;21,9;21,6;95;93;94;191;5,2;2,5;
2022/01/11;0600 UTC;0;949,9;949,9;949,7;;22,5;21,7;22,8;22,5;21,8;21,6;95;94;95;190;6,4;2,7;
2022/01/11;0700 UTC;0;950,2;950,2;949,8;;22,6;21,7;22,7;22,5;21,8;21,7;95;95;95;177;7;3,3;
2022/01/11;0800 UTC;0;950,7;950,7;950,2;2,2;22,5;21,6;22,7;22,5;21,8;21,6;95;94;95;191;6,7;3,7;
2022/01/11;0900 UTC;0;951,2;951,2;950,7;228,5;22,8;21,8;22,8;22,5;21,8;21,6;95;94;94;197;7,6;3,8;
2022/01/11;1000 UTC;0;951,5;951,6;951,2;876,8;24,7;22,5;24,7;22,7;22,6;21,7;94;87;87;179;6,3;2,5;
2022/01/11;1100 UTC;0;952;952,1;951,5;1431;25,2;21;25,6;24,7;22,7;20,7;87;77;77;178;8;4;
2022/01/11;1200 UTC;0;952;952,1;952;2675,1;27,6;20,5;27,9;25,2;21,7;20,2;78;65;65;179;8,5;4,6;
2022/01/11;1300 UTC;0;951,7;952;951,7;3351,9;29,9;19,8;29,9;27,6;21;19,3;65;54;55;184;9;4,4;
2022/01/11;1400 UTC;0;951,2;951,9;951,2;3311,5;30,5;18,8;30,8;28,7;19,9;18,3;57;49;49;194;8,9;4,3;
2022/01/11;1500 UTC;0;950,4;951,2;950,2;3542,9;30,6;17,7;32,2;30;19,2;17,7;50;44;46;188;11,3;4,5;
2022/01/11;1600 UTC;0;949,5;950,4;949,5;3096;31,4;16,7;32,5;30,1;18,3;16;48;39;41;181;9,9;4,6;
2022/01/11;1700 UTC;0;949;949,6;949;2746,3;30,7;17,1;32,3;30,7;17,6;16,2;44;39;44;356;11,4;5,5;
2022/01/11;1800 UTC;0;949,1;949,1;948,8;2096,2;30,5;19,2;32,4;30;19,3;15,3;52;38;51;4;11,4;5;
2022/01/11;1900 UTC;0;949,3;949,3;949,1;1441;29,4;19,5;30,9;29,1;19,8;18,7;55;51;55;178;10,9;6;
2022/01/11;2000 UTC;0;950,3;950,3;949,3;123,1;26,6;20,5;29,4;26,6;20,8;19,6;69;55;69;181;12;5,9;
2022/01/11;2100 UTC;0;951;951,1;950,3;4,3;25,2;20,6;26,7;25,2;20,9;20,5;76;69;76;118;10,4;4,5;
2022/01/11;2200 UTC;0;951,6;951,6;950,9;;24,4;21,2;25,3;24,4;21,2;20,7;82;76;82;147;9,7;5;
2022/01/11;2300 UTC;0;952,3;952,3;951,5;;23,9;21,3;24,4;23,8;21,4;21,1;86;82;86;67;9,7;4,2;
2022/01/12;0000 UTC;0;952,7;952,7;952,3;;23,3;21,3;23,9;23,2;21,4;21,1;89;85;89;106;8,5;3,6;
2022/01/12;0100 UTC;0;952,4;952,8;952,4;;22,9;21,3;23,3;22,9;21,4;21,2;91;89;91;173;7,8;4,5;
2022/01/12;0200 UTC;0;952,1;952,5;952;;22,7;21,4;23;22,7;21,5;21,3;92;91;92;165;7,5;4,2;
2022/01/12;0300 UTC;0;951,6;952,1;951,6;;22,7;21,5;22,8;22,5;21,5;21,3;93;92;93;181;7,5;3,9;
2022/01/12;0400 UTC;0;951,1;951,6;951,1;;22,4;21,2;22,7;22,4;21,5;21,2;93;93;93;35;6,2;1,8;
2022/01/12;0500 UTC;0;951,2;951,2;951,1;;22,3;21,3;22,5;22,2;21,5;21,1;94;93;94;177;5,8;2,7;
2022/01/12;0600 UTC;0;951,3;951,3;951,2;;22,1;21,4;22,4;22;21,4;21,1;96;94;96;151;5,6;2,1;
2022/01/12;0700 UTC;0;951,4;951,4;951,1;;21,9;21,2;22,3;21,8;21,6;21,1;96;95;96;61;4,6;1,7;
2022/01/12;0800 UTC;0;951,8;951,8;951,3;1;21,9;21,3;21,9;21,7;21,3;21,1;96;96;96;344;4;1,6;
2022/01/12;0900 UTC;0;952,3;952,3;951,8;470,8;23,4;22;23,6;21,9;22,4;21,3;96;92;92;3;4;2,1;
2022/01/12;1000 UTC;0;953;953;952,3;1038,7;23,9;21,4;24,2;23;22,2;21,2;93;86;86;198;5;2,9;
2022/01/12;1100 UTC;0;953,3;953,4;953;1660,6;25,2;20,9;25,9;23,9;21,8;20,6;86;76;77;19;6,3;3;
2022/01/12;1200 UTC;0;953,2;953,4;953,1;2117,4;26,8;21,3;27,7;25,2;22,3;20,8;78;70;72;177;6,3;2,4;
2022/01/12;1300 UTC;0;952,7;953,2;952,7;2809,8;27,9;20,4;28,9;26,8;21,9;20,4;72;63;64;294;7,8;1,7;
2022/01/12;1400 UTC;0;951,8;952,7;951,7;2090,3;28,3;20,4;29,7;27,3;21,6;20,1;66;60;63;71;6,3;2,9;
2022/01/12;1500 UTC;0;950,8;951,8;950,8;2216,1;28,3;21,3;29,9;28;21,3;20,2;66;58;66;176;7,1;3,2;
2022/01/12;1600 UTC;,6;950,2;951;950,2;816,3;27;21,7;28,3;25,3;22,4;20,2;78;65;73;175;7,8;3;
2022/01/12;1700 UTC;,4;949,3;950,2;949,3;2523,7;29,2;19,8;29,7;26,8;21,9;19,8;73;57;57;171;6,2;3,6;
2022/01/12;1800 UTC;0;948,9;949,3;948,9;2358,8;30,7;18,9;30,9;29;20,7;18,8;59;49;49;181;7,8;4,2;
2022/01/12;1900 UTC;0;949,1;949,2;948,8;1415,8;28,9;20,7;30,7;28,9;21,4;18,9;61;49;61;184;9,2;4,3;
2022/01/12;2000 UTC;0;949,9;949,9;949;184,7;27,6;21,3;28,9;27,5;21,3;20,1;69;60;69;195;10,2;4,8;
2022/01/12;2100 UTC;0;950,8;950,8;949,9;14,9;25,2;22,1;27,6;25,1;22,1;21,1;83;69;83;159;10,1;4,3;
2022/01/12;2200 UTC;0;951,8;951,8;950,8;;25,1;22,3;25,3;24,7;22,7;22,1;87;83;84;199;8,7;4,3;
2022/01/12;2300 UTC;0;952,5;952,6;951,8;;24,3;22,2;25,1;24,2;22,3;22;88;84;88;179;9;3,7;
2022/01/13;0000 UTC;,2;952,9;952,9;952,5;;23,3;22;24,3;23,3;22,2;22;92;88;92;122;8,1;4,4;
2022/01/13;0100 UTC;0;953,1;953,3;953;;23,1;22;23,4;23;22,2;21,8;93;92;93;171;6,8;3,4;
2022/01/13;0200 UTC;0;952,8;953,1;952,8;;22,9;21,9;23,2;22,9;22;21,8;94;93;94;94;6,8;2,3;
2022/01/13;0300 UTC;0;952,2;952,8;952,2;;22,8;21,8;23;22,7;21,9;21,7;95;94;94;121;5,2;1,7;
2022/01/13;0400 UTC;,4;951,9;952,1;951,7;;22,3;21,7;22,8;22,2;21,9;21,6;96;94;96;196;4,9;2,6;
2022/01/13;0500 UTC;,8;951,8;951,9;951,7;;22,3;21,7;22,4;22,1;21,8;21,5;97;96;97;192;4,2;1,5;
2022/01/13;0600 UTC;1;951,7;951,8;951,6;;22,3;21,7;22,3;22;21,8;21,5;97;97;97;187;3,9;,9;
2022/01/13;0700 UTC;0;952;952,1;951,7;;22,4;21,9;22,5;22,3;22;21,7;97;97;97;179;2,6;,6;
2022/01/13;0800 UTC;0;952,8;952,8;952;8,9;22,4;21,9;22,4;22,2;22;21,7;97;97;97;193;2,7;1;
2022/01/13;0900 UTC;0;953,6;953,6;952,8;293,7;23;22,3;23;22,3;22,4;21,8;97;96;96;173;2,4;,6;
2022/01/13;1000 UTC;0;954,2;954,3;953,6;548,7;23,8;22,6;24,1;22,8;23,2;22,1;97;93;93;182;2,3;1;
2022/01/13;1100 UTC;0;954,8;954,8;954,2;1158,6;24,6;22;24,9;23,6;23;22;93;85;85;164;4,1;2,1;
2022/01/13;1200 UTC;0;954,8;954,9;954,7;2145,4;26,7;21,8;27,1;24,6;22,7;21,4;86;74;75;225;4,1;1,5;
2022/01/13;1300 UTC;0;954,5;954,9;954,5;2384,9;28,2;21,7;28,2;26,4;22;20,7;75;67;68;177;3,7;1,3;
2022/01/13;1400 UTC;0;953,6;954,5;953,6;3115,7;29,5;20,6;30;28,2;22,2;20,1;68;58;59;174;4,4;1,9;
2022/01/13;1500 UTC;0;952,9;953,6;952,9;1951,3;29,8;20,8;30,1;28,9;21,1;19,7;60;57;58;254;4,9;1,4;
2022/01/13;1600 UTC;0;951,9;952,9;951,9;2968,2;30,8;20,6;31,4;29,7;22;19,9;59;55;55;6;8,3;2,3;
2022/01/13;1700 UTC;0;951,3;951,9;951,3;2668,5;31,2;19,8;31,7;30,1;21,1;19,5;56;50;51;166;6,1;1,5;
2022/01/13;1800 UTC;0;951;951,4;950,9;1033,7;30,7;18;32,1;30,4;20,4;17,6;51;46;47;179;5,9;3;
2022/01/13;1900 UTC;0;951,3;951,3;950,9;676,3;28,4;21,4;31,1;28,4;21,6;17,9;66;47;66;345;11;3,5;
2022/01/13;2000 UTC;0;952,1;952,1;951,3;186;26,9;21,7;28,8;26,9;21,7;20,5;73;62;73;184;11;6,4;
2022/01/13;2100 UTC;,4;953,1;953,1;951,9;;24,9;22,5;26,9;24,2;22,5;21,1;87;73;87;48;11;2,4;
2022/01/13;2200 UTC;,2;953,7;953,9;953;1,1;24,9;21,5;25,3;24,8;22,6;21,5;87;81;81;163;10,2;3,9;
2022/01/13;2300 UTC;0;954,5;954,5;953,7;;24,3;21,7;24,9;24,3;21,7;21,3;85;81;85;186;7,6;3,4;
2022/01/14;0000 UTC;0;954,8;954,8;954,5;;23,8;21,7;24,3;23,8;21,8;21,5;88;85;88;178;7,2;4;
2022/01/14;0100 UTC;0;954,7;954,9;954,6;;23,4;21,8;23,8;23,4;22;21,7;91;88;91;178;7,2;2,7;
2022/01/14;0200 UTC;1,2;954,1;954,7;954,1;;22,8;22,2;23,3;22;22,2;20,7;96;91;96;176;5,9;1,9;
2022/01/14;0300 UTC;1,6;953,8;954,1;953,7;;22,6;22;22,9;22,5;22,2;22;97;96;97;189;3,6;1,5;
2022/01/14;0400 UTC;1,8;953,5;953,8;953,5;;22,7;22,2;22,8;22,6;22,2;22;97;97;97;170;3,9;,9;
2022/01/14;0500 UTC;1,4;952,8;953,5;952,8;;22,5;21,9;22,7;22,5;22,2;21,9;97;96;96;170;3,3;1,5;
2022/01/14;0600 UTC;0;952,9;952,9;952,7;;22,3;21,7;22,5;22,3;21,9;21,7;96;96;96;194;4,3;,7;
2022/01/14;0700 UTC;0;953,4;953,4;952,9;;22,3;21,6;22,4;22,3;21,9;21,6;97;96;96;194;2;1;
2022/01/14;0800 UTC;0;953,5;953,5;953,3;4;22,3;21,6;22,4;22,2;21,7;21,5;96;96;96;159;2,8;,9;
2022/01/14;0900 UTC;0;954,3;954,3;953,5;450,7;23,7;22,4;23,7;22,4;22,5;21,7;96;92;93;188;2,8;1,6;
2022/01/14;1000 UTC;0;954,7;954,7;954,3;1234,3;25;22,6;25;23,5;22,8;21,6;93;86;86;176;4,1;1,5;
2022/01/14;1100 UTC;0;954,9;954,9;954,6;1410,8;25,1;21,4;25,9;24,3;22,7;21;86;79;80;178;3,5;1,6;
2022/01/14;1200 UTC;0;954,6;954,9;954,6;2159,6;26,6;21,1;27,1;25,1;22,2;21,1;80;71;72;176;3,5;,6;
2022/01/14;1300 UTC;0;954,6;954,7;954,6;1541,8;26,6;21,7;28;25,4;22,5;20,4;77;67;75;177;6,4;,8;
2022/01/14;1400 UTC;,4;954,1;954,6;954,1;1015,2;24,6;21,4;27,6;23,4;21,9;19;84;64;82;179;8,7;2,7;
2022/01/14;1500 UTC;,6;953;954,1;953;1386,1;26,3;21,2;26,6;24,6;21,9;21,1;83;74;74;323;6,6;,9;
2022/01/14;1600 UTC;,4;952;953;952;1738,6;27,4;21,9;27,4;26;22,3;21,1;77;72;72;181;4,4;2,1;
2022/01/14;1700 UTC;,2;951,7;952;951,6;1829,1;28,2;20,7;28,3;27,1;22,2;20,4;72;64;64;179;6,8;3;
2022/01/14;1800 UTC;0;951,8;952,1;951,7;880,5;25,1;21,2;28,2;24,9;21,5;20,1;79;63;79;162;11,4;4,8;
2022/01/14;1900 UTC;0;951,7;952;951,7;1537,2;25,8;20,7;26,1;25;21,8;20,6;80;73;74;178;8,6;3,7;
2022/01/14;2000 UTC;0;952,7;952,7;951,7;745,3;24,3;21,2;25,8;24,2;21,5;20,5;83;74;83;182;8;4,4;
2022/01/14;2100 UTC;0;953,5;953,5;952,7;6,3;23,4;21,4;24,3;23,4;21,5;21,1;88;83;88;192;8,6;4,2;
2022/01/14;2200 UTC;0;954,4;954,4;953,5;;23;21,5;23,4;22,9;21,7;21,3;92;88;91;186;7,8;2,8;
2022/01/14;2300 UTC;0;955;955;954,3;;22,7;21,4;23;22,7;21,6;21,3;93;91;93;204;6;3,6;
2022/01/15;0000 UTC;0;955,2;955,3;954,9;;22,5;21,2;22,8;22,5;21,5;21,2;93;92;92;185;6,4;2,9;
2022/01/15;0100 UTC;0;954,9;955,2;954,9;;22,3;21,2;22,6;22,3;21,3;21,1;93;92;93;183;5,2;2,5;
2022/01/15;0200 UTC;0;953,8;954,9;953,8;;22;21;22,4;22;21,3;21;94;93;94;171;4,8;2,4;
2022/01/15;0300 UTC;0;952,8;953,8;952,8;;22;21;22;21,9;21,2;21;95;94;95;178;6;2,9;
2022/01/15;0400 UTC;0;952,6;952,8;952,6;;21,8;20,7;22;21,8;21,1;20,7;95;94;94;190;6;2,6;
2022/01/15;0500 UTC;0;952,7;952,7;952,5;;21,8;20,7;21,9;21,7;20,9;20,7;94;93;93;173;5;1,1;
2022/01/15;0600 UTC;0;952,7;952,8;952,6;;21,8;20,6;21,9;21,8;20,8;20,6;93;93;93;171;3,2;1;
2022/01/15;0700 UTC;0;952,6;952,7;952,6;;21,5;20,4;21,8;21,5;20,6;20,4;93;93;93;174;3,6;1;
2022/01/15;0800 UTC;0;952,8;952,8;952,5;3,1;21,2;20,1;21,6;21,1;20,5;20,1;94;93;94;177;4,5;,4;
2022/01/15;0900 UTC;0;953,3;953,3;952,8;411,3;22;20,8;22,2;21,1;21;20,1;94;92;93;176;2,7;,8;
2022/01/15;1000 UTC;0;953,6;953,6;953,3;1352,9;23,6;20,3;23,6;21,9;21,2;20;93;82;82;178;5,4;2,9;
2022/01/15;1100 UTC;0;953,5;953,6;953,4;2104,1;25,1;20;25,6;23,3;20,7;19,4;82;72;73;179;6,2;2,9;
2022/01/15;1200 UTC;0;953,5;953,6;953,4;2003,9;25,3;19,8;25,9;24,6;20,5;19,3;74;70;72;185;6,5;3,8;
2022/01/15;1300 UTC;0;953,7;953,7;953,5;1324,1;25,5;19,9;25,7;25,1;20,3;19,5;72;71;71;175;6,4;2,7;
2022/01/15;1400 UTC;0;953,4;953,7;953,4;918,4;24,9;20;26,2;24,9;20,8;19,7;74;71;74;176;5;2;
2022/01/15;1500 UTC;0;952,6;953,4;952,6;2344;25,6;21,3;26,1;23,7;22,6;20;84;74;77;180;5,9;2,1;
2022/01/15;1600 UTC;0;951,6;952,6;951,6;2655,3;27,1;20,7;28;25,6;22,1;20,6;77;67;68;178;5,1;2,1;
2022/01/15;1700 UTC;,2;952,1;952,4;951,3;1436,4;23,8;22,3;27,8;23,5;22,5;20,4;92;67;91;193;9,2;4,8;
2022/01/15;1800 UTC;,4;951,1;952,1;950,9;620,1;23,7;22,3;23,7;23;22,5;21,8;94;91;92;188;8,5;3,8;
2022/01/15;1900 UTC;0;951,7;951,8;951;491,5;22,9;21,4;23,8;22,8;22,4;21,3;92;89;92;195;8;4,7;
2022/01/15;2000 UTC;,4;952,8;952,8;951,7;80,4;21,7;21,2;22,9;21,7;21,4;21;97;92;97;175;8,4;2,5;
2022/01/15;2100 UTC;,8;952,9;953;952,7;,8;21,3;21;21,7;21,2;21,2;20,8;98;97;98;175;5,4;2,6;
2022/01/15;2200 UTC;,8;953,6;953,6;952,9;;21;20,7;21,5;21;21,2;20,7;99;98;98;178;4,9;2,9;
2022/01/15;2300 UTC;,6;955,2;955,2;953,6;;21,2;21;21,2;21;21;20,7;99;98;99;171;4,8;,8;
2022/01/16;0000 UTC;,2;955,3;955,6;955,2;;20,8;20,6;21,3;20,6;21,1;20,4;99;98;99;176;4,1;1,4;
2022/01/16;0100 UTC;,2;954,7;955,3;954,7;;20,4;20,2;20,8;20,2;20,6;19,9;99;98;99;39;3,4;,7;
2022/01/16;0200 UTC;0;953,9;954,7;953,9;;20,5;20,2;20,6;20,3;20,3;20;99;98;98;183;2,6;0;
2022/01/16;0300 UTC;0;953,2;953,9;953,2;;20,6;20,1;20,8;20,4;20,3;20;98;97;97;353;0;0;
2022/01/16;0400 UTC;0;952,6;953,3;952,2;;20,5;19,9;20,8;20,5;20,4;19,9;97;96;96;358;1,6;,5;
2022/01/16;0500 UTC;0;952,4;952,8;952,4;;20,3;19,8;20,6;20,3;20;19,8;97;96;97;350;1,4;,1;
2022/01/16;0600 UTC;0;952,1;952,4;952;;20,3;19,8;20,5;20,3;20,1;19,8;97;97;97;8;1,2;,2;
2022/01/16;0700 UTC;0;952;952,1;952;;20,2;19,7;20,4;20,2;20;19,7;97;97;97;357;1,2;0;
2022/01/16;0800 UTC;0;952;952,1;951,9;8,3;20,5;20;20,5;20,2;20;19,8;97;97;97;191;,9;0;
2022/01/16;0900 UTC;0;952,6;952,6;952;291;21,1;20,5;21,1;20,5;20,5;19,9;97;96;96;18;0;0;
2022/01/16;1000 UTC;0;953;953;952,6;1207,3;23,5;21,4;23,9;21,1;22,3;20,5;97;88;88;179;2,7;1,4;
2022/01/16;1100 UTC;,2;953,2;953,2;953;1716,3;24,4;20,5;24,4;23,5;21,5;20;88;78;79;194;4,8;2,7;
2022/01/16;1200 UTC;0;953,5;953,6;953,1;2448,2;25,4;20,9;26,6;24,4;21,7;20,2;79;72;76;37;4,6;1,2;
2022/01/16;1300 UTC;0;953,2;953,5;953,1;2984,5;26,6;20,3;27,7;25,3;22,2;20,3;77;68;68;153;5,3;2,1;
2022/01/16;1400 UTC;0;952,3;953,2;952,3;3774,5;29,4;20,4;29,5;26,6;21,6;19,6;71;58;58;5;5,1;1,2;
2022/01/16;1500 UTC;0;951,7;952,4;951,7;3356,1;30;20,3;30,4;28,3;21,3;19,5;61;55;56;185;5,3;1,6;
2022/01/16;1600 UTC;0;950,8;951,7;950,8;3002;30,7;19,8;31,1;29,2;21,2;19,1;57;52;52;181;5,9;2,9;
2022/01/16;1700 UTC;0;950;950,8;950;3149,5;30,7;19,4;31,4;29,8;20,6;19;55;50;51;174;6,8;2,9;
2022/01/16;1800 UTC;0;949,6;950;949,6;1830,4;31;19,5;31,1;29,9;20,4;19,1;54;50;50;178;7;3;
2022/01/16;1900 UTC;0;949,7;949,7;949,4;1642,9;30;19,3;31,1;30;19,7;18,6;53;49;53;182;10,1;4,8;
2022/01/16;2000 UTC;0;950,4;950,4;949,7;304,4;27,7;21,1;30;27,7;21,3;19,4;68;53;68;200;10,1;4,9;
2022/01/16;2100 UTC;0;950,9;950,9;950,4;18,9;26;21,3;27,7;26;21,4;21,1;75;68;75;186;10,2;5,7;
2022/01/16;2200 UTC;0;952,3;952,3;950,9;;24,8;21,6;26,1;24,8;21,6;21,2;82;75;82;177;10;4,5;
2022/01/16;2300 UTC;0;953,3;953,4;952,3;;24;21,7;24,8;24;21,9;21,5;87;82;87;190;8,8;4,5;
2022/01/17;0000 UTC;0;953,8;953,8;953,3;;23,5;21,3;24;23,5;21,8;21,3;88;87;87;189;9;4,3;
2022/01/17;0100 UTC;0;953,8;953,9;953,8;;23,2;21,3;23,5;23,2;21,5;21,2;89;87;89;186;8,3;3,4;
2022/01/17;0200 UTC;0;953,1;953,8;953,1;;23;21,5;23,2;22,9;21,5;21,3;91;89;91;190;6,9;3,6;
2022/01/17;0300 UTC;0;952,7;953,1;952,7;;22,8;21,4;23;22,8;21,6;21,3;92;91;92;181;5,8;2,6;
2022/01/17;0400 UTC;0;952,1;952,7;952;;22,6;21,4;22,8;22,5;21,4;21,3;93;92;93;179;4,7;1,9;
2022/01/17;0500 UTC;0;952,1;952,2;951,9;;22,4;21,3;22,6;22,4;21,5;21,3;94;93;94;179;5;2,5;
2022/01/17;0600 UTC;0;951,6;952,1;951,6;;22,5;21,5;22,6;22,4;21,6;21,4;94;94;94;182;4,4;2,3;
2022/01/17;0700 UTC;0;951,9;952,1;951,6;;22,5;21,4;22,5;22,4;21,5;21,3;94;94;94;174;4,5;1,8;
2022/01/17;0800 UTC;0;952,6;952,6;951,9;;22,3;21,4;22,6;22,2;21,6;21,3;95;94;95;173;4,1;1,5;
2022/01/17;0900 UTC;0;953,2;953,2;952,6;144,5;22,6;21,7;22,6;22,2;21,7;21,3;95;94;95;184;4,7;2,6;
2022/01/17;1000 UTC;0;953,4;953,5;953,1;980,9;23,9;21,7;24;22,6;22,4;21,6;95;88;88;177;5,6;2,9;
2022/01/17;1100 UTC;0;953,7;953,7;953,4;1678,5;24,9;20,7;25,8;23,8;22,3;20,7;88;77;78;176;7,6;2,8;
2022/01/17;1200 UTC;0;953,4;953,8;953,4;2428,7;26,5;20,9;26,9;24,8;21,8;20,5;79;71;72;176;8;3,5;
2022/01/17;1300 UTC;0;953,3;953,5;953,3;2713,6;27,9;20,8;28,1;26,2;21,7;20,5;73;65;65;177;7,1;3,4;
2022/01/17;1400 UTC;0;952,5;953,4;952,5;3195,2;29,2;20,8;29,5;27,5;21,5;20,4;67;60;60;181;6,9;2,9;
2022/01/17;1500 UTC;0;951,9;952,5;951,9;2843,1;29,2;20,4;30,2;28,5;21,5;19,9;62;58;59;180;7,1;2,7;
2022/01/17;1600 UTC;0;950,8;951,9;950,8;2400,8;30;20,5;30,6;28,9;21,5;20,1;61;55;57;180;6,6;2,9;
2022/01/17;1700 UTC;0;950,5;950,8;950,4;1118,7;29,4;20,8;30,5;29,2;21,1;20;60;55;60;182;7,4;4,2;
2022/01/17;1800 UTC;0;950,1;950,5;950;1113,8;29,3;21,1;30,3;28,8;21,2;20;61;57;61;175;9,3;5,4;
2022/01/17;1900 UTC;0;950;950,1;949,9;1378;28,6;20,9;30,3;28,5;21,3;20,6;63;57;63;173;9,6;4,8;
2022/01/17;2000 UTC;0;950,4;950,4;950;390,8;26,9;21,1;28,9;26,9;21,3;20,9;70;63;70;193;10,2;5,1;
2022/01/17;2100 UTC;0;951,1;951,1;950,4;4,8;25,8;21;27;25,7;21,3;20,9;75;70;75;183;9,1;4,4;
2022/01/17;2200 UTC;0;951,5;951,5;951,1;;24,6;19,8;25,8;24,6;21;19,8;75;74;74;189;9,5;4,4;
2022/01/17;2300 UTC;0;952,3;952,3;951,5;;23,7;19,5;24,7;23,6;19,8;19,5;78;74;78;185;7,5;3,5;
2022/01/18;0000 UTC;0;952,8;952,9;952,3;;22,9;19,9;23,7;22,9;19,9;19,5;83;78;83;201;7,2;4,1;
2022/01/18;0100 UTC;0;953,1;953,1;952,8;;22,4;20,3;22,9;22,3;20,3;19,9;88;83;88;191;6,4;3,4;
2022/01/18;0200 UTC;0;952,4;953,1;952,4;;22,1;20,4;22,4;22,1;20,4;20,2;90;88;90;180;6,6;2,2;
2022/01/18;0300 UTC;0;951,9;952,6;951,9;;22;20,4;22,2;21,9;20,4;20,3;91;89;91;185;6,8;4;
2022/01/18;0400 UTC;0;951,9;951,9;951,7;;22,1;20,7;22,1;21,9;20,8;20,4;92;91;92;180;7,4;3,1;
2022/01/18;0500 UTC;0;951,5;951,9;951,5;;22,1;20,6;22,1;22;20,8;20,6;92;92;92;179;6,2;2,8;
2022/01/18;0600 UTC;0;951,6;951,6;951,3;;21,9;20,4;22,1;21,9;20,6;20,4;92;91;91;182;5,3;2,9;
2022/01/18;0700 UTC;0;951,9;951,9;951,6;;21,7;20,1;21,9;21,7;20,4;20,1;91;91;91;172;5,9;2,6;
2022/01/18;0800 UTC;0;952,3;952,3;951,8;2,8;21,4;20,1;21,7;21,4;20,1;20;92;91;92;175;5,3;2;
2022/01/18;0900 UTC;0;953;953;952,3;410,4;22,6;20,9;22,6;21,4;20,9;20,1;92;90;90;201;4,4;2,4;
2022/01/18;1000 UTC;0;953,2;953,3;953;1347,1;24;20,5;24;22,6;21,4;20,3;90;81;81;173;6,5;3,3;
2022/01/18;1100 UTC;0;953,7;953,7;953,2;1743,4;25,1;20;25,9;23,5;21;19,9;82;73;73;179;6,2;3;
2022/01/18;1200 UTC;0;953,7;953,7;953,5;2461,2;26,6;19,8;26,8;24,9;20,9;19,6;75;66;66;177;7,7;4;
2022/01/18;1300 UTC;0;953,5;953,7;953,5;3496,2;28,2;19,3;28,7;26,6;20,5;18,9;67;57;59;181;9,7;5,3;
2022/01/18;1400 UTC;0;952,9;953,5;952,9;3416,5;29,8;19;30;28,1;20,2;18,6;59;52;52;185;9,1;4;
2022/01/18;1500 UTC;0;952,4;952,9;952,3;3390,2;29,8;18,4;31;29,2;19,8;17,8;54;46;51;180;10,2;4,7;
2022/01/18;1600 UTC;0;951,4;952,4;951,4;3030,4;29,7;17,8;31,8;29,7;19,2;17,4;51;43;49;161;10,2;4,4;
2022/01/18;1700 UTC;0;950,8;951,4;950,8;2808,2;30,8;18;31,8;29,7;18,7;17,4;49;44;47;176;10,6;5;
2022/01/18;1800 UTC;0;950,7;951,2;950,6;2519,1;31,4;17,3;31,9;30,7;18,1;16,2;47;40;43;179;9,8;4,3;
2022/01/18;1900 UTC;0;950,9;951;950,7;1273,1;29,7;17,8;31,4;29,4;18,3;16,2;50;42;49;193;8,7;4,4;
2022/01/18;2000 UTC;0;951,3;951,3;950,9;422,2;28,3;18,7;29,8;28,1;18,7;17,6;56;49;56;196;8,6;5,4;
2022/01/18;2100 UTC;0;952;952;951,3;8,4;26,1;20,3;28,3;26,1;20,3;18,7;70;56;70;197;10;5,4;
2022/01/18;2200 UTC;0;952,9;952,9;952;;24,7;20,5;26,1;24,7;20,5;20,3;77;70;77;197;9,5;6;
2022/01/18;2300 UTC;0;953,4;953,4;952,9;;23,9;20,8;24,7;23,9;20,9;20,4;83;77;83;195;9,2;4,9;
2022/01/19;0000 UTC;0;953,9;953,9;953,3;;23,2;20,9;23,9;23,2;20,9;20,7;87;83;87;193;8,4;4,8;
2022/01/19;0100 UTC;0;954,2;954,2;953,9;;22,8;21;23,2;22,8;21,1;20,9;90;87;90;197;7,5;3;
2022/01/19;0200 UTC;0;953,8;954,2;953,8;;22,5;21;22,8;22,5;21,1;21;91;90;91;201;5,8;2,6;
2022/01/19;0300 UTC;0;953,4;953,9;953,4;;22,4;21,1;22,6;22,4;21,2;21;92;91;92;188;5,5;2,5;
2022/01/19;0400 UTC;0;953,4;953,5;953,3;;22,2;21,1;22,4;22,1;21,1;20,9;94;92;94;170;5,4;2;
2022/01/19;0500 UTC;0;953;953,4;952,9;;22,1;20,9;22,2;21,9;21,1;20,9;94;93;93;186;4,7;2,4;
2022/01/19;0600 UTC;0;953,1;953,1;952,9;;21,9;20,8;22,1;21,9;21;20,8;94;93;93;186;4,7;2,5;
2022/01/19;0700 UTC;0;953,3;953,3;953,1;;21,6;20,7;21,9;21,5;20,8;20,6;95;93;95;177;4,9;2,5;
2022/01/19;0800 UTC;0;953,7;953,7;953,3;3,3;21,6;20,8;21,7;21,4;20,9;20,5;95;95;95;184;4,3;2,6;
2022/01/19;0900 UTC;0;954,1;954,1;953,6;269,3;21,9;20,8;21,9;21,6;21;20,7;95;94;94;186;4,9;3;
2022/01/19;1000 UTC;0;954,4;954,4;954,1;984,8;23,9;20,2;24,1;21,9;21,5;20,2;94;80;80;181;6,9;3,7;
2022/01/19;1100 UTC;0;954,6;954,7;954,4;1875,6;25,2;19,4;25,8;23,9;20,4;19,3;80;69;70;181;7;2,8;
2022/01/19;1200 UTC;0;954,4;954,6;954,3;2932,5;27,3;18,6;27,4;25,2;20,4;18,2;71;59;59;176;7,9;3,5;
2022/01/19;1300 UTC;0;953,9;954,4;953,9;3476,6;28,8;18,7;29,1;27;19,3;17,5;59;53;54;174;7,4;3,8;
2022/01/19;1400 UTC;0;953,4;953,9;953,4;3734,7;30,5;17,8;30,6;28,7;19,4;17,8;55;47;47;177;7,5;3,8;
2022/01/19;1500 UTC;0;952,7;953,4;952,7;3756,2;31,4;17,4;32;29,9;18,6;17;49;43;43;168;9,4;3,8;
2022/01/19;1600 UTC;0;952;952,7;951,9;3522,3;32;17,8;32,2;30,9;18,6;16,7;46;41;43;177;8,6;3,6;
2022/01/19;1700 UTC;0;951,2;952;951,1;3034,5;32,1;16,2;32,4;31,4;18;15,9;43;38;38;164;9,4;3,4;
2022/01/19;1800 UTC;0;951,2;951,2;951;2348,9;32;16,4;32,8;31,4;17,4;14,7;41;35;39;186;8,5;3,5;
2022/01/19;1900 UTC;0;951,5;951,5;951,2;1478,3;31,2;16,2;32,3;31;16,7;14,8;41;36;41;177;7,3;3,7;
2022/01/19;2000 UTC;0;951,9;951,9;951,5;534,8;29,7;17,6;31,2;29,7;17,6;16,1;48;40;48;187;7,8;4,3;
2022/01/19;2100 UTC;0;952,7;952,7;951,9;6,8;27,7;19,3;29,7;27,7;19,3;17,7;60;48;60;191;9;5,9;
2022/01/19;2200 UTC;0;953,6;953,6;952,7;;25,6;19,6;27,7;25,6;19,8;19,3;69;60;69;199;11,4;4,8;
2022/01/19;2300 UTC;0;954,5;954,5;953,6;;24,3;19,2;25,6;24,3;19,6;19,2;73;69;73;187;9,6;4,6;
2022/01/20;0000 UTC;0;954,9;955;954,4;;23,3;19,5;24,3;23,3;19,5;19,1;79;73;79;184;8,6;5,4;
2022/01/20;0100 UTC;0;954,9;955;954,9;;22,7;20,2;23,3;22,7;20,2;19,4;86;79;86;183;8,6;3,6;
2022/01/20;0200 UTC;0;954,3;954,9;954,3;;22,5;20,6;22,7;22,4;20,7;20,2;90;86;89;187;8,5;3,9;
2022/01/20;0300 UTC;0;953,7;954,4;953,7;;22;20,5;22,5;22;20,7;20,5;91;89;91;203;7,3;3,4;
2022/01/20;0400 UTC;0;953,2;953,7;953,2;;22;20,7;22,1;21,9;20,8;20,6;93;91;93;189;6,1;3,4;
2022/01/20;0500 UTC;0;952,5;953,2;952,5;;21,9;20,8;22;21,9;20,8;20,7;94;93;93;192;5,6;2,7;
2022/01/20;0600 UTC;0;952,5;952,7;952,5;;21,8;20,8;21,9;21,8;20,8;20,7;94;93;94;193;5,3;2,5;
2022/01/20;0700 UTC;0;952,7;952,7;952,4;;21,8;20,7;21,8;21,7;20,8;20,7;94;93;94;177;4,6;2,4;
2022/01/20;0800 UTC;0;953,1;953,2;952,7;,9;21,8;20,8;21,8;21,7;20,9;20,7;94;94;94;176;4,3;1,5;
2022/01/20;0900 UTC;0;953,5;953,5;953,1;255,7;22,4;21,3;22,4;21,7;21,4;20,8;95;94;94;178;3,7;1,3;
2022/01/20;1000 UTC;0;953,8;953,8;953,3;996,5;23,6;21;23,8;22,4;22;21;94;85;85;168;5,3;2,4;
2022/01/20;1100 UTC;0;953,8;953,9;953,7;1931,7;25,5;20,3;25,7;23,6;21,6;20,1;86;73;73;196;6,5;2,6;
2022/01/20;1200 UTC;0;953,8;954;953,8;2551;26,5;19,8;28,2;25,2;21,2;19,6;74;64;67;174;6,3;3;
2022/01/20;1300 UTC;0;953,4;953,9;953,3;2704,9;28,3;19,5;29,3;26,5;21,4;19,1;68;58;59;155;7,4;3,3;
2022/01/20;1400 UTC;0;952,6;953,4;952,6;3016,7;29,8;19;30,4;27,8;20;18,6;59;52;52;178;7,2;3,3;
2022/01/20;1500 UTC;0;951,6;952,6;951,6;3312,2;31,2;18,1;31,8;29,5;20,1;17,9;54;45;46;181;7,7;2,9;
2022/01/20;1600 UTC;0;950,6;951,6;950,6;3165,6;30,9;17,9;32,9;30,9;19;17;47;43;46;174;8,1;3;
2022/01/20;1700 UTC;0;949,5;950,6;949,5;2151,4;32,9;17,3;33,4;30,9;18,4;16,8;46;38;39;175;6;2;
2022/01/20;1800 UTC;0;949,1;949,5;949,1;1827,5;31,7;17,3;33,3;31,2;18,1;16,6;44;39;42;179;7,6;3,3;
2022/01/20;1900 UTC;0;949,3;949,3;949,1;1199,8;29,9;20,2;32,2;29,9;20,3;17,1;56;42;56;184;10,5;4,8;
2022/01/20;2000 UTC;0;949,8;949,8;949,3;446;28,5;20,6;30,1;28,5;20,8;20,2;62;56;62;186;9,9;4,7;
2022/01/20;2100 UTC;0;950,5;950,5;949,7;2,9;26,6;21,1;28,5;26,6;21,3;20,6;72;62;72;194;9,5;5,1;
2022/01/20;2200 UTC;0;951,2;951,3;950,4;;25,3;21;26,6;25,3;21,2;20,9;77;72;77;165;10,3;5,8;
2022/01/20;2300 UTC;0;952;952;951,1;;24,6;21,4;25,3;24,5;21,4;21;83;77;82;183;10,1;4,7;
2022/01/21;0000 UTC;0;952,4;952,4;952;;23,8;21,2;24,6;23,8;21,5;21,1;85;82;85;189;9,5;5,1;
2022/01/21;0100 UTC;0;952,4;952,5;952,3;;23,2;21,6;23,8;23,2;21,7;21,2;91;85;91;194;8,2;4,6;
2022/01/21;0200 UTC;0;952;952,5;952;;23,1;21,6;23,3;23,1;21,8;21,6;92;91;92;176;7,5;3,6;
2022/01/21;0300 UTC;0;951,7;952;951,5;;22,8;21,5;23,1;22,7;21,7;21,3;92;92;92;179;6,9;3;
2022/01/21;0400 UTC;0;950,9;951,7;950,9;;22,7;21,3;22,8;22,6;21,5;21,3;93;92;92;182;5,5;2;
2022/01/21;0500 UTC;0;950,3;950,9;950,3;;22,3;21,3;22,7;22,3;21,4;21,2;94;92;94;195;5,9;2,9;
2022/01/21;0600 UTC;0;950,2;950,3;950,2;;22,2;21,4;22,3;22,1;21,4;21,3;95;94;95;178;6;2,9;
2022/01/21;0700 UTC;0;950,3;950,3;950,1;;21,9;21,2;22,2;21,9;21,4;21,2;96;95;96;181;4,9;1,9;
2022/01/21;0800 UTC;0;950,4;950,4;950,3;;21,8;21,2;22;21,8;21,3;21,1;96;96;96;185;3,3;1,5;
2022/01/21;0900 UTC;0;951;951;950,4;360,8;23,1;21,7;23,5;21,8;22,3;21,2;96;92;92;176;4,1;2,1;
2022/01/21;1000 UTC;0;951,3;951,3;951;837,5;23,8;21,4;23,9;23;22,2;21,3;93;87;87;175;4,7;1,3;
2022/01/21;1100 UTC;0;951,4;951,5;951,3;1009,8;24,8;21;24,9;23,7;21,9;20,9;87;80;80;177;4,6;1,6;
2022/01/21;1200 UTC;0;951,4;951,6;951,4;1264,2;26,7;23;26,7;24,5;23;20,6;82;78;80;10;6,7;2,4;
2022/01/21;1300 UTC;0;951,3;951,4;951,2;1896,6;26,2;20,9;27;25,7;22,9;20,3;80;71;73;195;6,1;3,7;
2022/01/21;1400 UTC;0;950,7;951,3;950,6;2689,9;26,9;20,8;28;26,2;21,5;19,7;73;63;69;184;10,1;6;
2022/01/21;1500 UTC;0;950,1;950,7;950,1;2808,8;27,9;19,7;28,9;26,1;21,3;19,1;70;59;61;113;9,9;4,2;
2022/01/21;1600 UTC;0;949,2;950,1;949,2;1748;29;19,4;29,2;26,7;20,2;18,4;63;56;56;331;7,9;3,2;
2022/01/21;1700 UTC;0;948,1;949,2;948,1;2689,7;30;18,9;31,3;28,8;19,6;18,3;56;48;52;327;6,2;2,2;
2022/01/21;1800 UTC;0;948,1;948,2;947,9;1232,9;29,1;19,7;31,2;28,9;19,8;18,8;57;49;57;175;7,6;3,9;
2022/01/21;1900 UTC;0;948,2;948,4;948,1;415,1;28,2;20;29,1;28;20,3;19,5;62;57;61;178;7,6;3,9;
2022/01/21;2000 UTC;0;948,6;948,7;948,2;597,6;27,9;19,9;28,6;27,8;20,3;19,6;62;60;62;194;7,3;3,9;
2022/01/21;2100 UTC;0;948,7;948,7;948,4;17,1;26,1;20,2;27,9;26,1;20,3;19,8;70;62;70;205;10,5;6,1;
2022/01/21;2200 UTC;0;949,9;949,9;948,7;;24,9;20,5;26,1;24,9;20,6;20,2;77;70;77;193;10,6;4,8;
2022/01/21;2300 UTC;0;950,8;950,8;949,9;;23,8;20,7;24,9;23,8;20,7;20,4;83;77;83;175;8,3;4,1;
2022/01/22;0000 UTC;0;951,1;951,1;950,8;;23,2;21;23,8;23,2;21;20,6;87;83;87;208;7,6;3,6;
2022/01/22;0100 UTC;0;951,1;951,3;951,1;;22,8;21,2;23,2;22,7;21,2;20,9;91;87;91;185;7;3,6;
2022/01/22;0200 UTC;0;950,8;951,1;950,8;;22,6;21,5;22,8;22,5;21,5;21,1;93;91;93;198;7,9;4;
2022/01/22;0300 UTC;0;950,3;950,8;950,3;;22,5;21,4;22,7;22,5;21,6;21,4;94;93;94;175;6,9;3,3;
2022/01/22;0400 UTC;0;949,7;950,3;949,7;;22,5;21,5;22,5;22,4;21,5;21,3;94;94;94;180;6;2,8;
2022/01/22;0500 UTC;0;949,8;949,8;949,7;;22,5;21,5;22,6;22,4;21,6;21,4;94;93;94;181;6,8;3,2;
2022/01/22;0600 UTC;0;949,5;949,8;949,5;;22,3;21,4;22,6;22,3;21,5;21,3;95;93;94;186;6;3,6;
2022/01/22;0700 UTC;0;949,9;949,9;949,5;;22,1;21,3;22,4;22,1;21,5;21,2;95;94;95;193;6,6;3,7;
2022/01/22;0800 UTC;0;950,6;950,6;949,9;,9;22;21,3;22,1;21,9;21,3;21;95;95;95;186;6,5;2,9;
2022/01/22;0900 UTC;0;951,1;951,1;950,6;151,2;22;21,1;22,2;21,9;21,4;21,1;95;95;95;197;6,4;3,1;
2022/01/22;1000 UTC;0;951,5;951,6;951,1;829,2;24,2;21,7;24,2;22;21,7;21,1;95;86;86;189;7,9;4,2;
2022/01/22;1100 UTC;0;951,7;951,8;951,5;1895,6;26,3;20,7;26,3;23,8;21,7;19,7;86;71;71;175;8,1;3,5;
2022/01/22;1200 UTC;0;951,5;951,7;951,5;2730,5;27,4;18,6;27,7;25,4;20,7;18,6;71;59;59;176;9;4;
2022/01/22;1300 UTC;0;951,3;951,6;951,3;3070,3;28,7;18;29,3;27;19,5;17,3;62;51;52;183;8,6;4,9;
2022/01/22;1400 UTC;0;950,7;951,3;950,7;3766,6;29,5;18;30,4;28,7;18,8;14,3;54;39;50;182;9,1;4,3;
2022/01/22;1500 UTC;0;949,9;950,7;949,9;2976,5;30,7;17,5;31;29,4;19,1;17,2;51;45;45;185;11,9;3,7;
2022/01/22;1600 UTC;0;949,2;949,9;949,2;3279,3;31,3;18,6;31,5;30,3;18,7;17,4;49;44;47;176;12,7;4,1;
2022/01/22;1700 UTC;0;948,4;949,2;948,4;2872,2;31,1;18,5;32,3;30,3;18,8;17,6;50;44;47;180;9,5;4;
2022/01/22;1800 UTC;0;948,4;948,5;948,2;2381,1;31,2;18,6;32,2;30,6;19,1;17,9;48;45;47;9;9,5;3,8;
2022/01/22;1900 UTC;0;948,4;948,5;948,2;1057,5;30,1;18,3;31,6;29,9;18,8;17,6;49;45;49;191;8,8;4,7;
2022/01/22;2000 UTC;0;949;949;948,4;433,9;28,7;17,8;30,1;28,7;18,5;17,8;52;49;52;177;10,1;4,3;
2022/01/22;2100 UTC;0;949,6;949,6;949;7,8;26,9;18,6;28,7;26,9;18,6;17,7;61;52;61;189;9,4;5,4;
2022/01/22;2200 UTC;0;950,5;950,5;949,6;;25,2;19,3;26,9;25,2;19,3;18,6;70;61;70;190;9,4;5;
2022/01/22;2300 UTC;0;951,2;951,2;950,5;;24,1;19,4;25,2;24,1;19,5;19,3;75;70;75;173;9,5;4,7;
2022/01/23;0000 UTC;0;951,6;951,8;951,2;;23,2;20,4;24,1;23,1;20,4;19,4;85;75;85;180;9,1;4,3;
2022/01/23;0100 UTC;0;951,3;951,7;951,3;;22,7;20,9;23,2;22,6;20,9;20,4;90;85;90;180;7,7;4,3;
2022/01/23;0200 UTC;0;950,7;951,3;950,7;;22,4;21,1;22,7;22,4;21,1;20,9;92;90;92;200;7;3,8;
2022/01/23;0300 UTC;0;950,3;950,7;950,3;;22,3;21,1;22,5;22,3;21,3;21;93;92;93;156;5,9;2,9;
2022/01/23;0400 UTC;0;949,7;950,3;949,7;;22,1;21,2;22,3;22;21,2;21,1;95;93;95;185;6,3;2,2;
2022/01/23;0500 UTC;0;949,3;949,7;949,1;;22,1;21,3;22,2;22;21,4;21,2;96;95;96;74;5,8;3,3;
2022/01/23;0600 UTC;0;949,7;949,7;949,3;;22,2;21,5;22,2;22;21,5;21,3;96;96;96;127;6,7;2,7;
2022/01/23;0700 UTC;0;950,3;950,4;949,6;;22,2;21,4;22,3;22,1;21,5;21,4;96;95;95;195;5;2,5;
2022/01/23;0800 UTC;0;950,6;950,6;950,2;;22,1;21,3;22,3;22,1;21,6;21,3;96;95;95;176;5,3;2,9;
2022/01/23;0900 UTC;0;951;951;950,6;276,9;22,3;21,4;22,4;22,1;21,6;21,3;96;95;95;192;6,9;3,2;
2022/01/23;1000 UTC;0;951,3;951,3;951;1156,9;25;21,5;25;22,3;22,2;21,2;95;80;81;182;6,2;3,2;
2022/01/23;1100 UTC;0;951,9;951,9;951,3;2099,4;26;19,1;26,3;23,8;21,2;19;80;65;66;197;7;4,3;
2022/01/23;1200 UTC;0;951,9;952;951,8;2434,5;27,3;18,2;28,3;25,6;19,8;17,3;67;55;58;205;7,1;3,3;
2022/01/23;1300 UTC;0;951,5;951,9;951,5;3315,6;29,5;18,5;29,5;27,2;18,7;17,4;58;51;51;165;7,4;3;
2022/01/23;1400 UTC;0;951;951,5;951;3705,2;30,7;18,5;30,7;28,7;18,6;17;53;46;48;174;8,4;3,7;
2022/01/23;1500 UTC;0;950,4;951;950,3;3604;31;16,8;31,7;30;18,4;16,2;48;41;43;180;10,2;4,1;
2022/01/23;1600 UTC;0;949,6;950,4;949,6;2831,7;30,9;15,7;32,4;29,9;17,3;15,7;45;39;40;2;10,2;4,5;
2022/01/23;1700 UTC;0;948,9;949,7;948,9;2719,7;32,2;16,6;32,2;30,7;17,5;16;43;39;39;295;8,7;3,5;
2022/01/23;1800 UTC;0;948,6;948,9;948,6;2085,6;31,2;17;32,2;30,5;17,4;15,8;44;39;43;186;9,5;4,7;
2022/01/23;1900 UTC;0;948,7;948,7;948,5;1282,1;29,4;19,4;31,2;29,2;19,7;15,9;56;40;55;92;10,6;5,5;
2022/01/23;2000 UTC;0;949,5;949,5;948,7;404,6;27,9;18,9;29,4;27,9;19,6;18,8;59;55;58;87;10,3;5,2;
2022/01/23;2100 UTC;0;949,8;949,8;949,5;7,4;26,5;19,3;28,1;26,5;19,5;18,9;65;58;65;168;9,7;4,2;
2022/01/23;2200 UTC;0;950,1;950,2;949,8;;25,3;19,3;26,6;25,3;19,4;19;70;64;70;106;8,9;4,8;
2022/01/23;2300 UTC;0;951,1;951,1;950,1;;24,3;19,4;25,3;24,3;19,6;19,2;75;70;74;164;9,4;3,7;
2022/01/24;0000 UTC;0;951,4;951,4;951,1;;23,3;20,6;24,3;23,3;20,6;19,4;84;74;84;65;7,3;3,3;
2022/01/24;0100 UTC;0;951,5;951,6;951,3;;23;21,1;23,3;22,9;21,1;20,6;89;84;89;179;6,3;2,2;
2022/01/24;0200 UTC;0;951,2;951,5;951,2;;22,6;20,9;23;22,6;21,2;20,9;90;89;90;99;5,9;2,7;
2022/01/24;0300 UTC;0;950,4;951,1;950,4;;22,4;21,1;22,6;22,3;21,1;20,9;92;90;92;196;5,8;2;
2022/01/24;0400 UTC;0;950,1;950,4;950,1;;22,2;21,2;22,4;22,2;21,2;21;94;92;94;352;5,7;2,2;
2022/01/24;0500 UTC;0;950,1;950,2;950;;22,2;21,2;22,3;22,1;21,3;21,1;94;94;94;335;5,7;1,6;
2022/01/24;0600 UTC;0;950;950,2;950;;22,2;21,2;22,4;22,1;21,4;21,2;94;94;94;180;4;1,8;
2022/01/24;0700 UTC;0;950,2;950,2;950;;22,1;21,2;22,3;22,1;21,3;21,1;95;94;95;168;5,4;2,6;
2022/01/24;0800 UTC;0;950,6;950,6;950,2;,3;22,1;21,4;22,2;22,1;21,4;21,2;96;95;96;192;5,4;2,3;
2022/01/24;0900 UTC;0;951,2;951,2;950,6;209,7;22,5;21,6;22,6;22,1;21,8;21,3;96;95;95;177;5,9;3,2;
2022/01/24;1000 UTC;0;951,6;951,6;951,2;648,2;23,9;22,3;23,9;22,5;22,3;21,6;95;90;91;283;6,3;2,3;
2022/01/24;1100 UTC;0;952,2;952,2;951,6;1165,3;24,8;21;25,7;23,8;22,3;20,8;91;79;80;154;6,2;2,7;
2022/01/24;1200 UTC;0;952;952,3;951,9;1366,8;26,7;20,3;26,8;24,8;21,1;20,1;80;68;68;177;6,6;3,6;
2022/01/24;1300 UTC;0;951,5;952;951,5;2863,1;28,4;18,8;29,9;26,8;20,7;18,8;68;54;56;183;7,7;3,3;
2022/01/24;1400 UTC;0;951,2;951,6;951,2;2671,5;28,7;19;30;28;20,8;18,6;62;54;56;169;7,9;3,8;
2022/01/24;1500 UTC;0;950,3;951,2;950,3;1969,9;30;18;30,6;28,7;19,2;17,7;56;48;49;339;8;3;
2022/01/24;1600 UTC;0;949,4;950,3;949,4;2948,5;31,6;18,2;32;29,6;18,8;17,6;49;44;45;167;8,7;4,2;
2022/01/24;1700 UTC;0;948,8;949,4;948,8;2912,5;31,3;17,5;31,7;30,3;18,2;17,3;47;43;44;175;9,8;4,4;
2022/01/24;1800 UTC;0;948,4;948,9;948,3;2393,8;31,3;17,4;32,3;30,8;17,7;16,7;44;42;44;190;8,4;4,2;
2022/01/24;1900 UTC;0;948,7;948,8;948,3;1304,5;29,7;17,5;31,4;29,7;17,6;16,7;48;42;48;192;9,6;5,6;
2022/01/24;2000 UTC;0;949,5;949,5;948,7;423,9;28,2;16,7;29,8;28,2;17,7;16,6;50;48;50;178;9,9;5,8;
2022/01/24;2100 UTC;0;950,2;950,2;949,5;9,9;26,3;18;28,2;26,3;18;16,6;60;50;60;195;10,1;6,1;
2022/01/24;2200 UTC;0;950,9;950,9;950,1;;25;18,9;26,3;25;18,9;18;69;60;69;146;10,3;5,2;
2022/01/24;2300 UTC;0;951,2;951,3;950,9;;24;19,3;25;24;19,3;18,7;75;69;75;178;9,3;4,5;
2022/01/25;0000 UTC;0;951,6;951,6;951,2;;23,1;20,3;24;23,1;20,3;19,3;84;75;84;210;8,3;3,7;
2022/01/25;0100 UTC;0;951,6;951,7;951,5;;22,6;20,7;23,1;22,6;20,7;20,3;89;84;89;190;6,6;3,1;
2022/01/25;0200 UTC;0;951,1;951,6;951,1;;22,4;20,9;22,7;22,4;20,9;20,7;91;89;91;191;6,6;3,2;
2022/01/25;0300 UTC;0;950,6;951,1;950,6;;22,3;21;22,4;22,2;21;20,8;93;91;93;178;6,4;3,5;
2022/01/25;0400 UTC;0;950,1;950,7;950,1;;22,3;21,1;22,4;22,2;21,2;21;93;93;93;188;6,4;3,2;
2022/01/25;0500 UTC;0;950,1;950,2;950,1;;22,4;21,3;22,4;22,2;21,4;21,1;94;93;94;173;5,9;2,1;
2022/01/25;0600 UTC;0;950,2;950,2;950;;22,1;21,1;22,4;22,1;21,4;21,1;94;94;94;186;5;2,3;
2022/01/25;0700 UTC;0;950,2;950,2;950,1;;22,2;21,2;22,3;22,1;21,2;21;94;94;94;175;4,2;1,2;
2022/01/25;0800 UTC;0;950,8;950,8;950,1;;22,1;21;22,3;22;21,2;20,9;94;93;93;179;4,5;2,2;
2022/01/25;0900 UTC;0;951,5;951,5;950,8;185,2;22,5;21,2;22,7;22;21,5;20,9;93;92;93;191;6,2;3,5;
2022/01/25;1000 UTC;0;951,9;951,9;951,5;513,3;23,5;21,3;23,5;22,5;21,6;21,1;93;87;88;188;7,6;3,6;
2022/01/25;1100 UTC;0;952,1;952,1;951,9;1421,2;25,5;20,9;25,5;23,5;21,6;20,5;88;76;76;185;7,8;4,2;
2022/01/25;1200 UTC;0;952,1;952,2;952;2546,4;27,1;19,9;27,3;25,5;21,2;19,8;76;65;65;182;9,2;4,9;
2022/01/25;1300 UTC;0;951,6;952,1;951,6;3221,6;29,2;18,8;29,8;27,1;20,3;18,6;66;53;54;182;8,6;4;
2022/01/25;1400 UTC;0;951,1;951,7;951,1;3627,2;30,4;18;30,8;28,5;19;17,7;55;48;48;185;8,8;4,1;
2022/01/25;1500 UTC;0;950,5;951,1;950,4;3285,4;30,6;16,7;31,2;29,9;18,3;16,7;48;43;43;182;9,3;3,9;
2022/01/25;1600 UTC;0;949,7;950,5;949,7;2920,6;31,3;16,6;31,6;30,2;16,9;15,8;44;40;41;178;9,2;3,6;
2022/01/25;1700 UTC;0;949,2;949,8;949,2;2181,5;31,1;16,7;32,1;30,4;17,5;16,3;44;41;42;189;8,9;4,2;
2022/01/25;1800 UTC;0;949;949,3;949;2019,6;30,7;17,6;31,7;30,3;17,8;16,3;46;40;46;174;8,2;3,6;
2022/01/25;1900 UTC;0;949,1;949,1;948,9;1216,2;29,9;18,4;31,2;29,9;18,4;17,2;50;45;50;189;8,2;3,7;
2022/01/25;2000 UTC;0;949,7;949,7;949,1;319,2;28,2;19,5;29,9;28,2;19,5;18,4;59;50;59;195;9,9;5,5;
2022/01/25;2100 UTC;0;950,5;950,5;949,7;9,4;26,3;20,2;28,2;26,3;20,2;19,5;69;59;69;199;10,6;6;
2022/01/25;2200 UTC;0;951,2;951,2;950,5;;25,4;20,8;26,3;25,3;20,8;20,1;76;69;76;193;10,7;5,3;
2022/01/25;2300 UTC;0;951,9;951,9;951,2;;24,4;20,5;25,4;24,4;20,8;20,3;79;76;79;193;10,8;5,9;
2022/01/26;0000 UTC;0;952,3;952,4;951,9;;24,1;20,7;24,4;24;20,9;20,5;82;79;82;186;9,6;5;
2022/01/26;0100 UTC;0;952,1;952,4;952,1;;23,6;21,2;24;23,6;21,2;20,6;86;82;86;190;8,6;4,4;
2022/01/26;0200 UTC;0;951,9;952,1;951,9;;23,2;21,2;23,6;23,2;21,3;21,1;89;86;89;198;7,9;4,2;
2022/01/26;0300 UTC;0;951,2;951,9;951,2;;23;21,1;23,2;23;21,3;21,1;90;89;89;179;6,7;2,8;
2022/01/26;0400 UTC;0;950,6;951,2;950,5;;22,7;21,1;23;22,7;21,1;21;90;89;90;181;5,4;1,2;
2022/01/26;0500 UTC;0;950,3;950,6;950,3;;22,6;21;22,8;22,6;21,1;20,9;91;90;91;176;4,4;2,3;
2022/01/26;0600 UTC;0;950;950,3;950;;22,7;21,1;22,7;22,6;21,1;21;91;90;91;168;4,4;1,3;
2022/01/26;0700 UTC;0;950,2;950,2;950;;22,6;21,1;22,7;22,6;21,2;21;91;91;91;184;4,9;1,2;
2022/01/26;0800 UTC;0;950,8;950,8;950,2;;22,4;21,3;22,8;22,4;21,4;21,1;94;91;94;183;4,3;2;
2022/01/26;0900 UTC;0;951,2;951,2;950,8;245,9;22,9;21,9;23;22,4;22;21,3;95;94;94;173;5,5;2,4;
2022/01/26;1000 UTC;0;951,3;951,5;951,2;1011,2;24,4;21,5;24,6;22,9;22,5;21,5;94;84;84;178;7,3;3,6;
2022/01/26;1100 UTC;0;951,4;951,5;951,3;1439;25,6;21,3;25,8;24,4;21,8;20,6;84;76;77;180;8,4;4,4;
2022/01/26;1200 UTC;0;951;951,4;951;2217,1;28,1;21,3;28,1;25,3;21,8;20,3;77;67;67;183;9,6;4,6;
2022/01/26;1300 UTC;0;950,9;951;950,8;2873,7;29,5;20,1;29,5;27,4;21,4;19,7;67;57;57;177;8,8;4,2;
2022/01/26;1400 UTC;0;950,3;950,9;950,3;3075,2;30,3;18,7;31,1;28,3;19,9;17,9;59;48;50;188;10,7;5,1;
2022/01/26;1500 UTC;0;949,5;950,3;949,4;3173,7;30,7;18,5;31,3;29,5;19,2;17,8;52;46;48;189;9,8;5,8;
2022/01/26;1600 UTC;0;948,9;949,5;948,9;2747,8;31;18,6;31,7;30,1;19;17,6;50;44;48;175;11,2;5,7;
2022/01/26;1700 UTC;0;948,5;949;948,5;2374,8;30,6;16,8;31,5;30,2;18,6;16,5;48;42;43;171;11,7;5;
2022/01/26;1800 UTC;0;948,3;948,5;948,2;2138,9;30;16,7;31,3;29,9;17,3;15,9;45;41;45;189;10,4;6,1;
2022/01/26;1900 UTC;0;948,2;948,3;948;1375,7;28,8;16,7;30,4;28,8;16,8;16,1;48;44;48;176;11,1;6,1;
2022/01/26;2000 UTC;0;948,6;948,6;948,2;255,9;27,7;17,7;29,2;27,6;17,8;16,7;55;47;54;199;11;5,7;
2022/01/26;2100 UTC;0;949,1;949,3;948,6;5,9;24,8;20,1;27,7;24,8;20,1;17,6;75;54;75;179;12,6;4,2;
2022/01/26;2200 UTC;0;949,6;949,7;949,1;;23,9;20,7;24,8;23,9;20,8;20,1;83;75;83;103;7,5;3,1;
2022/01/26;2300 UTC;0;950,1;950,1;949,6;;23,7;21,5;23,9;23,7;21,5;20,7;88;83;88;184;6,7;3,8;
2022/01/27;0000 UTC;0;950,9;950,9;950,1;;23,3;21,7;23,7;23,2;21,7;21,4;91;88;91;192;7,6;3,9;
2022/01/27;0100 UTC;0;950,7;950,9;950,7;;23,3;21,6;23,5;23,2;21,8;21,5;91;90;90;185;6,1;3,7;
2022/01/27;0200 UTC;0;950,2;950,7;950,1;;23,1;21,5;23,3;23;21,6;21,5;91;90;91;186;6,1;1,9;
2022/01/27;0300 UTC;0;949,7;950,2;949,7;;23;21,5;23,2;22,9;21,6;21,4;92;91;92;193;4,4;2,4;
2022/01/27;0400 UTC;,2;949,3;949,8;949,3;;22,5;21,5;23,1;22,4;21,8;21,4;95;92;94;167;3,8;2;
2022/01/27;0500 UTC;0;949,2;949,4;949,1;;22,3;21,7;22,5;22,3;21,7;21,5;96;94;96;175;4,6;2,2;
2022/01/27;0600 UTC;0;949,3;949,3;949;;22,2;21,7;22,4;22,2;21,8;21,6;97;96;97;174;4,4;1,8;
2022/01/27;0700 UTC;0;949,2;949,3;949;;22,2;21,7;22,3;22,1;21,8;21,6;97;97;97;173;4,1;1,4;
2022/01/27;0800 UTC;0;949,5;949,5;949,1;;22,2;21,7;22,2;22,1;21,8;21,6;97;97;97;179;3,5;1,6;
2022/01/27;0900 UTC;0;950,3;950,3;949,5;173,9;22,5;21,9;22,6;22,1;22;21,6;97;96;96;180;3,5;1,1;
2022/01/27;1000 UTC;0;950,5;950,6;950,2;825,7;24,2;22,7;24,2;22,5;22,9;21,9;96;91;91;189;6;2,5;
2022/01/27;1100 UTC;0;950,6;950,7;950,5;1409,6;25,4;21,7;25,5;23,7;22,5;21,6;91;80;80;174;6,8;3,7;
2022/01/27;1200 UTC;0;950,4;950,6;950,4;1984,8;26,8;21;27;25,1;22;20,4;80;70;70;186;7,3;4,1;
2022/01/27;1300 UTC;0;950,1;950,6;950,1;1660,1;25,8;20,6;27,3;23,2;21,6;19;82;68;73;181;9,5;3,2;
2022/01/27;1400 UTC;0;949,2;950,1;949,2;3742,4;29,3;19,7;29,4;25,8;21,8;19,2;74;55;56;172;8,6;3,6;
2022/01/27;1500 UTC;,4;949;949,3;949;2109;23,8;20,1;30,2;23,6;20,9;18,4;81;53;80;200;8,9;4,2;
2022/01/27;1600 UTC;,8;948,5;949;948,5;1926,8;25,9;21;26,6;23,8;21,3;20,3;81;70;74;185;8,9;3,1;
2022/01/27;1700 UTC;1;947,9;948,5;947,7;2430,5;25,6;21,7;27,7;24,1;22,3;20,2;81;70;79;16;13,5;3,8;
2022/01/27;1800 UTC;,8;947,7;948,1;947,7;2328,3;24,9;21,3;26,1;24,8;22,1;20,9;81;75;80;346;9,6;4,9;
2022/01/27;1900 UTC;,8;948,3;948,5;947,7;768,7;24;20,9;25,5;23,9;22;20,6;83;79;83;355;9,6;3,9;
2022/01/27;2000 UTC;,4;948,8;948,9;948,2;105,8;22,9;21,1;24;22,9;21,3;20,7;90;82;90;53;8,7;3,4;
2022/01/27;2100 UTC;,2;949,9;949,9;948,6;,1;21,3;20;23,1;21,3;21,6;19,8;92;89;92;192;8,9;3,2;
2022/01/27;2200 UTC;,6;949,6;949,9;949,6;;22;21,1;22;21,3;21,1;20;95;92;95;355;5,7;2,9;
2022/01/27;2300 UTC;0;950,2;950,2;949,5;;22,2;21,4;22,3;22;21,4;21,1;95;94;95;354;7,7;2,5;
2022/01/28;0000 UTC;0;950,8;950,8;950,2;;22,1;21,4;22,2;22,1;21,4;21,3;96;95;96;170;5,2;1,7;
2022/01/28;0100 UTC;0;950,8;951;950,8;;22,3;21,6;22,3;22,1;21,7;21,4;96;96;96;76;4,7;1,9;
2022/01/28;0200 UTC;0;950,7;950,9;950,7;;22,5;21,9;22,5;22,3;21,9;21,6;96;96;96;183;4,3;,9;
2022/01/28;0300 UTC;0;949,9;950,8;949,9;;22,5;21,9;22,6;22,4;22;21,8;97;96;97;204;3,5;1,6;
2022/01/28;0400 UTC;0;949,4;949,9;949,4;;22,6;22;22,6;22,4;22;21,8;97;97;97;172;2,7;,1;
2022/01/28;0500 UTC;0;949,1;949,5;949,1;;22,5;21,9;22,6;22,3;22,1;21,8;97;96;97;359;2,2;1;
2022/01/28;0600 UTC;0;948,8;949,1;948,8;;22,2;21,6;22,5;22,2;22;21,6;97;97;97;161;2,5;1,4;
2022/01/28;0700 UTC;0;948,9;948,9;948,7;;21,7;21,2;22,2;21,7;21,6;21,2;97;97;97;345;2,3;0;
2022/01/28;0800 UTC;0;949,3;949,3;948,8;;21,4;21;21,7;21,4;21,3;21;98;97;98;5;,8;0;
2022/01/28;0900 UTC;0;949,7;949,7;949,3;335,9;22,3;21,9;22,5;21,4;22,1;21;98;97;97;198;,8;0;
2022/01/28;1000 UTC;0;950;950;949,7;699,5;23,7;22,9;23,7;22,3;22,9;21,9;98;95;96;29;1,7;,1;
2022/01/28;1100 UTC;0;950,4;950,4;950;1448,8;25,5;22,2;25,6;23,5;23,6;22,1;96;82;82;239;3,9;1,6;
2022/01/28;1200 UTC;0;950,5;950,5;950,3;2862,8;26,4;20,9;28,1;25,5;22,6;20,5;82;68;72;357;4,4;2,1;
2022/01/28;1300 UTC;0;950,5;950,6;950,4;1616,7;28,1;21;28,1;25,9;21,4;20;73;65;65;188;4,2;1,2;
2022/01/28;1400 UTC;0;949,4;950,5;949,4;3299,5;29,2;20,6;29,4;27,6;21,3;19,5;65;58;60;188;5,8;2,1;
2022/01/28;1500 UTC;0;948,7;949,4;948,5;2659,2;28,1;20,7;30,4;28;21,2;19,8;64;55;64;360;7,2;3,8;
2022/01/28;1600 UTC;0;948;948,7;948;1364,1;27,6;19,9;28,4;27,5;21,1;19,7;66;61;63;359;7,2;2,4;
2022/01/28;1700 UTC;,2;947,4;948;947,2;2305;28;19,3;29,8;27,6;20,9;19,3;64;55;59;357;9,4;4;
2022/01/28;1800 UTC;0;947,7;947,8;947,3;310,2;23,7;20,1;27,9;23,4;20,2;18;81;59;80;19;9,4;2,3;
2022/01/28;1900 UTC;0;948,7;948,7;947,7;123,2;22,4;20;24,6;22,4;21,2;19,8;86;79;86;167;8,1;4,4;
2022/01/28;2000 UTC;0;948,6;948,8;948,5;84,2;22,3;20,8;22,9;22,2;21,4;19,8;91;86;91;117;9;3,2;
2022/01/28;2100 UTC;0;949,3;949,3;948,6;3;22,4;21;22,6;22,3;21,2;20,9;92;91;92;355;5,5;1,4;
2022/01/28;2200 UTC;0;950,6;950,6;949,3;;22,6;21,1;22,7;22,4;21,3;21;92;91;91;2;4,3;2,5;
2022/01/28;2300 UTC;0;951,4;951,4;950,5;;22,5;21;22,7;22,5;21,2;21;92;91;92;4;5,8;2,2;
2022/01/29;0000 UTC;0;951,7;951,9;951,4;;22,5;21,2;22,6;22,4;21,3;21;93;92;93;169;4,8;1,1;
2022/01/29;0100 UTC;,2;952,1;952,3;951,6;;20,3;19,6;22,5;20,3;21,5;19,4;96;93;96;5;7,2;3,2;
2022/01/29;0200 UTC;1,4;951,8;952,2;951,8;;20,8;20,4;20,9;20,3;20,6;19,7;98;96;98;60;7,5;1,6;
2022/01/29;0300 UTC;1,6;951,2;951,8;951,2;;20,5;20,3;20,8;20,5;20,5;20,2;99;98;99;6;5,1;2,1;
2022/01/29;0400 UTC;2;950,8;951,2;950,7;;20,6;20,4;20,6;20,4;20,4;20,2;99;99;99;54;5,3;,9;
2022/01/29;0500 UTC;2,4;950,8;950,9;950,7;;20,5;20,4;20,6;20,4;20,5;20,2;99;99;99;17;2,9;1,2;
2022/01/29;0600 UTC;2,6;950,7;950,8;950,7;;20,5;20,3;20,7;20,4;20,6;20,3;99;99;99;356;2,2;,8;
2022/01/29;0700 UTC;2,6;951,2;951,2;950,7;;20,7;20,6;20,8;20,5;20,6;20,3;99;99;99;360;2;,3;
2022/01/29;0800 UTC;3;952,4;952,4;951,2;,3;19;18,9;20,8;18,9;20,7;18,8;99;96;99;354;13;3,4;
2022/01/29;0900 UTC;2,8;952,9;952,9;952,4;97,7;19;18,7;19,1;18,6;18,9;18,4;99;98;98;358;10;3,9;
2022/01/29;1000 UTC;2,6;953,3;953,3;952,9;360,3;19,9;19,2;20;18,9;19,4;18,5;98;96;96;349;9,7;1,5;
2022/01/29;1100 UTC;2,4;953,5;953,5;953,3;619,8;21,1;19,8;21,1;19,9;20;19,3;97;92;92;3;5;2,7;
2022/01/29;1200 UTC;2,2;953,1;953,5;953;1321,6;22,2;20,2;22,5;20,9;20,7;19,6;93;88;88;1;7,1;2,7;
2022/01/29;1300 UTC;2;952,3;953,1;952,3;1760,6;24,3;21,4;24,3;22,1;21,7;20,1;89;84;84;179;5,4;1,7;
2022/01/29;1400 UTC;1,8;951,7;952,4;951,7;2504,1;25,7;19,7;26,1;24;22;19,7;84;69;69;183;7,3;3,2;
2022/01/29;1500 UTC;1,6;951,1;951,7;951,1;2137;26,8;19,8;27,1;25,6;20,6;19,3;71;64;65;221;7,3;3,3;
2022/01/29;1600 UTC;1,6;950,6;951,1;950,6;2152,6;26,7;19,3;27,6;26,7;20,4;19,3;66;62;64;355;7,1;3,3;
2022/01/29;1700 UTC;1,2;950,1;950,6;950,1;2322,9;27,8;19,6;27,8;26,7;20;18,7;66;59;61;346;7,4;2,6;
2022/01/29;1800 UTC;,8;949,9;950,1;949,8;2254,2;26,9;19,4;28;26,7;20;18,8;64;60;64;358;7,2;3,2;
2022/01/29;1900 UTC;0;949,9;949,9;949,7;856,9;26,2;19;27,1;26,2;19,8;18,9;67;63;65;358;7,6;3,2;
2022/01/29;2000 UTC;0;950,4;950,4;949,9;154,4;25,2;20,5;26,1;25,2;20,5;18,8;75;64;75;166;6,4;3,4;
2022/01/29;2100 UTC;0;950,8;950,8;950,4;;24,4;20,3;25,2;24,4;20,5;20,3;78;75;78;185;6,7;3,4;
2022/01/29;2200 UTC;0;951,7;951,7;950,8;;23,8;20,7;24,5;23,8;20,8;20,3;83;78;83;192;6,9;2,8;
2022/01/29;2300 UTC;0;952,1;952,1;951,7;;23,2;20,7;23,9;23,2;20,9;20,6;86;83;86;161;6;2,5;
2022/01/30;0000 UTC;0;952,5;952,5;952,1;;22,9;20,9;23,2;22,9;20,9;20,8;88;86;88;158;3,8;2;
2022/01/30;0100 UTC;0;952,4;952,6;952,4;;22,5;20,8;23;22,5;20,9;20,7;90;88;90;150;4,3;1,9;
2022/01/30;0200 UTC;0;952,2;952,5;952,2;;22,4;20,8;22,6;22,4;20,8;20,7;90;90;90;52;3,7;1,6;
2022/01/30;0300 UTC;0;951,5;952,2;951,5;;22,3;20,7;22,5;22,3;20,8;20,7;91;90;91;143;4,2;1,9;
2022/01/30;0400 UTC;0;951,1;951,5;951,1;;22;20,8;22,3;22;20,8;20,6;93;91;93;144;4,6;2,6;
2022/01/30;0500 UTC;0;951,1;951,1;950,9;;22;20,9;22;21,9;21;20,8;94;93;94;184;5,1;2,5;
2022/01/30;0600 UTC;0;951;951,1;950,9;;21,8;20,9;22;21,8;21;20,8;95;94;95;195;4,6;2,8;
2022/01/30;0700 UTC;0;951,4;951,4;950,9;;21,9;21,2;21,9;21,8;21,2;21;96;95;96;187;5,6;2,6;
2022/01/30;0800 UTC;0;951,9;951,9;951,4;;21,9;21,4;21,9;21,9;21,4;21,2;97;96;97;190;5,3;2;
2022/01/30;0900 UTC;0;952,8;952,8;951,9;108;22,2;21,6;22,2;21,9;21,6;21,3;97;96;96;170;3,9;1,2;
2022/01/30;1000 UTC;0;953,3;953,3;952,8;498,3;23,2;22,2;23,3;22,2;22,4;21,6;96;94;94;175;4,6;2,5;
2022/01/30;1100 UTC;0;953,5;953,5;953,2;1373,1;24,6;22;24,8;23,2;22,7;21,8;94;85;86;181;5,6;3,1;
2022/01/30;1200 UTC;0;953,5;953,6;953,5;1382,1;25,3;21,7;25,7;24,5;22,2;21,3;86;80;80;178;7,6;2,7;
2022/01/30;1300 UTC;0;953,5;953,6;953,4;2213,5;26,1;21,9;26,7;25,1;22,8;21,3;81;77;78;182;8,3;4,3;
2022/01/30;1400 UTC;0;952,9;953,7;952,9;2646,4;27,1;21,3;27,4;25,1;22,6;21,3;81;71;71;192;11;5,8;
2022/01/30;1500 UTC;0;952,2;952,9;952,1;3226;28,6;21,2;28,7;26,8;22;20,9;72;64;64;185;11;4,7;
2022/01/30;1600 UTC;0;951,3;952,2;951,3;2556,5;28,3;20,5;29,3;28;21,3;20;65;60;63;188;10,1;5,4;
2022/01/30;1700 UTC;0;950,7;951,3;950,7;1101,9;27,7;20,2;28,5;26,7;22,1;20,1;72;61;64;180;10,2;6;
2022/01/30;1800 UTC;0;950,1;950,7;950,1;2291;28,9;20,4;29,5;27,7;20,7;19,2;65;55;60;191;11,2;5,4;
2022/01/30;1900 UTC;0;950;950,2;949,8;1330,2;27,5;20;29,1;27,4;20,7;19,7;64;57;64;192;10,9;5,6;
2022/01/30;2000 UTC;0;950,7;950,7;949,9;372,5;26;19,4;27,6;26;20,8;19,4;71;64;67;196;9,6;5,8;
2022/01/30;2100 UTC;0;951,4;951,4;950,7;6;25,1;19,9;26,1;25,1;19,9;19;73;66;73;191;9,1;4;
2022/01/30;2200 UTC;0;952,4;952,4;951,4;;24,3;20,3;25,1;24,3;20,3;19,9;79;73;79;193;7,4;2,9;
2022/01/30;2300 UTC;0;953;953;952,4;;23,6;21,1;24,3;23,6;21,1;20,4;86;79;86;179;7,4;3,5;
2022/01/31;0000 UTC;0;953,3;953,4;952,9;;23,1;21,4;23,6;23,1;21,5;21,1;90;86;90;199;6,5;3,4;
2022/01/31;0100 UTC;0;953,1;953,4;953,1;;23,1;21,6;23,1;23;21,6;21,4;91;90;91;194;6,2;3,1;
2022/01/31;0200 UTC;0;952,2;953,1;952,2;;22,9;21,7;23,1;22,9;21,7;21,5;93;91;93;187;6,6;3,6;
2022/01/31;0300 UTC;0;951,6;952,2;951,5;;22,7;21,9;22,9;22,6;22;21,7;95;93;95;193;8,1;4;
2022/01/31;0400 UTC;0;950,9;951,6;950,9;;22,6;21,8;22,8;22,5;22,1;21,7;96;95;95;186;9,7;5,1;
2022/01/31;0500 UTC;0;950,5;950,9;950,5;;22,5;21,7;22,7;22,4;21,9;21,6;96;95;95;184;10,2;5,3;
2022/01/31;0600 UTC;0;950,5;950,5;950,3;;22,3;21,7;22,6;22,2;21,8;21,5;96;95;96;192;9,5;5,1;
2022/01/31;0700 UTC;0;950,8;950,8;950,4;;22,2;21,7;22,3;22,1;21,7;21,5;97;96;97;177;9,8;3,3;
2022/01/31;0800 UTC;0;951,3;951,3;950,8;,4;22,2;21,8;22,3;22,1;21,8;21,6;97;97;97;185;7;2,6;
2022/01/31;0900 UTC;0;951,9;951,9;951,3;136,9;22,2;21,7;22,3;22,1;21,8;21,6;97;97;97;173;6,7;2,7;
2022/01/31;1000 UTC;0;952,2;952,2;951,9;479;23,1;22,2;23,1;22,2;22,4;21,7;97;94;95;177;6,9;3,2;
2022/01/31;1100 UTC;0;952,6;952,6;952,2;1038,2;24,1;21,5;24,4;23;23;21,3;95;85;85;173;8,9;3,8;
2022/01/31;1200 UTC;0;952,4;952,6;952,4;1874,3;25,3;20;26,5;24,1;21,9;20;85;71;73;178;9,6;3,5;
2022/01/31;1300 UTC;0;952,4;952,4;952,3;3019,6;27,6;19,8;28,1;25,3;21,2;19,4;74;61;62;187;10;5,4;
2022/01/31;1400 UTC;0;951,5;952,4;951,5;2972,3;29,2;20,1;29,3;27,2;20,4;18,9;64;58;58;182;10;4,7;
2022/01/31;1500 UTC;0;950,6;951,5;950,6;3339,7;29,6;20,3;29,9;28,5;21,1;19,5;63;57;57;192;10,8;4,9;
2022/01/31;1600 UTC;0;950,2;950,7;950,1;3584,6;29,9;19,3;30,5;29,2;21;19,2;59;53;53;179;10,2;5,1;
2022/01/31;1700 UTC;0;949,7;950,2;949,7;2920,8;29,5;20;30,4;29,1;20,8;19,2;58;52;57;188;10;5,1;
2022/01/31;1800 UTC;0;949,6;949,7;949,5;2176;29;20,3;30,3;28,8;20,8;19,5;61;54;59;190;9,9;5,5;
2022/01/31;1900 UTC;0;949,8;949,9;949,5;1423,9;28,2;19,3;29,2;28,1;20,8;19,3;61;59;59;187;10,6;6;
2022/01/31;2000 UTC;0;950,1;950,1;949,8;449,8;26,5;19,7;28,2;26,5;20;19,1;66;59;66;189;10,9;5,9;
2022/01/31;2100 UTC;0;950,8;950,8;950,1;10,8;25,4;20,1;26,5;25,3;20,1;19,5;73;66;73;199;10,5;4,4;
2022/01/31;2200 UTC;0;951,6;951,6;950,8;;24,6;20,1;25,4;24,5;20,1;20;76;72;76;166;9;4,2;
2022/01/31;2300 UTC;0;952;952;951,6;;23,9;20,3;24,5;23,9;20,3;20;81;76;81;149;7,1;3,9;
