timestamp,temperature,usage
1644187988,44.0,0.7
1644188408,44.0,0.3
1644189307,44.0,0.7
1644190207,44.0,0.7
1644191107,44.0,0.5
1644192008,44.0,0.3
1644192907,44.0,0.7
1644193807,44.0,0.5
1644194387,44.0,0.3
1644194707,44.0,0.3
1644195608,44.0,0.8
1644196507,44.0,19.5
1644197407,45.0,0.5
1644198307,44.0,67.6
1644199208,44.0,0.5
1644200107,45.0,61.8
1644201007,44.0,0.8
1644201907,45.0,62.4
1644202808,44.0,0.5
1644203707,44.0,27.7
1644204607,44.0,31.3
1644205507,45.0,51.2
1644206408,44.0,70.2
1644207307,44.0,50.2
1644208207,45.0,74.2
1644209108,45.0,50
1644210007,45.0,45.5
1644210907,45.0,77.2
1644211807,45.0,46.2
1644212708,45.0,50.9
1644213607,46.0,50.1
1644214507,46.0,29.5
1644215407,45.0,66.1
1644216308,45.0,46.6
1644217207,45.0,43.1
1644218107,45.0,50.1
1644219007,45.0,59.9
1644219908,47.0,80.9
1644220807,50.0,75.8
1644221707,45.0,50.2
1644222607,46.0,28.9
1644223507,45.0,79.6
1644224408,44.0,50.9
1644225307,44.0,10.6
1644226207,45.0,0.7
1644227107,44.0,0.7
1644228008,45.0,27.1
1644228907,44.0,0.7
1644229807,44.0,0.5
1644230707,44.0,0.5
1644231608,44.0,1
1644232507,44.0,0.7
1644233220,51.0,0.7
1644233413,44.0,0.5
1644234313,47.0,0.3
1644235214,44.0,0.5
1644237013,44.0,0.3
1644237913,44.0,62
1644238814,44.0,0.3
1644239713,44.0,54.2
1644240613,44.0,0.2
1644241514,44.0,0.3
1644242413,44.0,0.7
1644243313,45.0,1
1644244213,44.0,0.3
1644244514,44.0,0.3
1644244813,44.0,0.3
1644245113,50.0,0.3
1644245414,44.0,58.1
1644245713,44.0,0.5
1644246013,44.0,0.2
1644246313,44.0,0.2
1644246614,44.0,0.3
1644246913,44.0,0.5
1644247213,44.0,0.7
1644247513,44.0,25.4
1644247814,44.0,41.1
1644248113,44.0,0.8
1644248413,44.0,0.3
1644248714,51.0,0.3
1644249013,44.0,45.9
1644249313,44.0,0.3
1644249613,44.0,0.3
1644249914,44.0,0.5
1644250213,44.0,42.4
1644250513,44.0,42.7
1644250814,44.0,0.3
1644251113,44.0,0.5
1644251413,44.0,0.3
1644251713,44.0,0.2
1644252014,44.0,0.3
1644252313,44.0,0.2
1644252613,44.0,0.3
1644252913,44.0,31.9
1644253214,44.0,0.3
1644253513,44.0,0.5
1644253813,44.0,0.3
1644254114,44.0,0.5
1644254413,45.0,0.8
1644254713,44.0,68.1
1644255013,44.0,0.3
1644255314,44.0,0.3
1644255613,44.0,0.5
1644255913,44.0,3.8
1644256213,47.0,0.5
1644256514,44.0,69.4
1644256813,44.0,0.5
1644257113,44.0,0.3
1644257414,44.0,0.3
1644257707,45.0,0.5
1644258007,51.0,67.1
1644258307,44.0,0.8
1644258608,44.0,1.8
1644258907,44.0,0.3
1644259207,44.0,0.5
1644259507,44.0,0.7
1644259808,45.0,1
1644260107,44.0,32.9
1644260407,44.0,0.3
1644260707,44.0,0.3
1644261007,44.0,0.5
1644261308,44.0,0.5
1644261607,45.0,0.5
1644261907,44.0,61.5
1644262207,44.0,0.7
1644262508,44.0,0.8
1644262807,44.0,0.8
1644263107,44.0,1.3
1644263407,44.0,0.5
1644263708,45.0,28.7
1644264007,44.0,2.6
1644264307,44.0,0.5
1644264607,44.0,0.5
1644264908,44.0,0.8
1644265207,44.0,0.3
1644265507,45.0,1
1644265807,44.0,58.8
1644266108,44.0,0.7
1644266407,44.0,0.3
1644266707,44.0,1.7
1644267007,44.0,0.8
1644267307,44.0,0.7
1644267608,45.0,59.4
1644267907,44.0,0.8
1644268207,44.0,0.5
1644268507,44.0,1.7
1644268808,44.0,1
1644269107,44.0,0.7
1644269407,46.0,17.2
1644269707,44.0,18.8
1644270008,44.0,0.3
1644270307,44.0,0.8
1644270607,44.0,0.7
1644270907,44.0,0.5
1644271208,45.0,0.8
1644271507,44.0,64.4
1644271807,44.0,0.7
1644272107,44.0,0.8
1644272408,44.0,0.8
1644272707,44.0,0.8
1644273007,44.0,0.7
1644273307,44.0,48.7
1644273607,44.0,1.7
1644273908,44.0,0.5
1644274207,44.0,0.3
1644274507,44.0,0.7
1644274807,44.0,0.5
1644275108,44.0,75.5
1644275407,44.0,1
1644275707,44.0,0.2
1644276007,44.0,1
1644276308,44.0,0.7
1644276607,44.0,0.3
1644276907,44.0,62.2
1644277207,44.0,0.8
1644277508,44.0,1
1644277807,44.0,0.5
1644278107,44.0,1.5
1644278407,44.0,1.3
1644278707,49.0,12.1
1644279008,44.0,19.8
1644279307,44.0,0.7
1644279607,44.0,0.8
1644279907,44.0,0.3
1644280208,44.0,0.5
1644280507,45.0,1
1644280807,44.0,67.4
1644281107,44.0,0.8
1644281408,44.0,1
1644281707,44.0,0.3
1644282007,44.0,1.2
1644282307,44.0,0.3
1644282608,50.0,60.2
1644282907,44.0,1
1644283207,44.0,0.7
1644283507,44.0,0.5
1644283808,44.0,0.5
1644284107,44.0,0.7
1644284407,51.0,30.3
1644284707,44.0,0.7
1644285007,44.0,3
1644285308,44.0,0.7
1644285607,44.0,0.5
1644285907,44.0,0.3
1644286207,51.0,5.5
1644286508,44.0,31.6
1644286807,44.0,0.8
1644287107,44.0,1.8
1644287407,44.0,0.2
1644287708,44.0,0.5
1644288007,45.0,0.5
1644288307,44.0,58.5
1644288607,44.0,0.3
1644288908,44.0,0.5
1644289207,44.0,0.3
1644289507,44.0,1.2
1644289807,49.0,89.8
1644290107,45.0,50.2
1644290408,45.0,29.7
1644290707,45.0,71.9
1644291007,44.0,50.2
1644291307,44.0,50.2
1644291608,44.0,59.2
1644291907,44.0,50.2
1644292207,45.0,33.9
1644292507,44.0,70
1644292808,45.0,50.2
1644293107,46.0,67.6
1644293407,45.0,50.5
1644293707,45.0,43.2
1644294007,47.0,53.4
1644294308,45.0,70.3
1644294607,44.0,50.4
1644294907,46.0,87.1
1644295207,44.0,54.6
1644295508,44.0,78.1
1644295807,44.0,73.9
1644296107,44.0,73.2
1644296407,44.0,50.2
1644296707,46.0,46.4
1644297008,44.0,51.1
1644297307,45.0,50.1
1644297608,46.0,100
1644297907,44.0,50
1644298207,45.0,61.3
1644298508,44.0,59.4
1644298807,44.0,50.9
1644299107,44.0,50.2
1644299407,45.0,73.8
1644299708,44.0,52.2
1644300007,45.0,58.9
1644300307,45.0,71.6
1644300607,45.0,40.5
1644300907,45.0,79.8
1644301208,44.0,28.8
1644301507,45.0,47.3
1644301807,44.0,55.7
1644302107,45.0,38.3
1644302408,46.0,57.9
1644302707,44.0,39.9
1644303007,45.0,70.6
1644303307,45.0,77.7
1644303608,45.0,73.8
1644303907,44.0,50.1
1644304207,44.0,62.1
1644304507,44.0,30.3
1644304807,45.0,49.9
1644305108,45.0,68.6
1644305407,44.0,50.1
1644305707,45.0,50.4
1644306007,44.0,52.1
1644306308,45.0,50
1644306607,45.0,62.9
1644306907,45.0,67.3
1644307207,45.0,49.9
1644307508,45.0,68.7
1644307807,44.0,52.7
1644308107,45.0,30.7
1644308408,44.0,50.9
1644308707,44.0,50.2
1644309007,45.0,50.2
1644309307,45.0,49.8
1644309608,45.0,50
1644309907,45.0,72.9
1644310207,44.0,30.4
1644310507,46.0,43.4
1644310808,44.0,77.3
1644311107,46.0,55.8
1644311407,45.0,50.9
1644311708,45.0,97.2
1644312007,44.0,0.7
1644312307,44.0,0.8
1644312607,44.0,0.8
1644312908,45.0,0.7
1644313207,44.0,0.3
1644313507,44.0,6
1644313807,44.0,42.2
1644314108,44.0,1.3
1644314407,44.0,0.3
1644314707,44.0,0.8
1644315007,44.0,60.1
1644315307,44.0,0.3
1644315608,44.0,0.5
1644315907,44.0,0.5
1644316207,44.0,40.4
1644316507,44.0,26.8
1644316808,44.0,42.5
1644317107,44.0,0.5
1644317407,44.0,0.8
1644317707,44.0,0.5
1644318008,44.0,0.3
1644318307,44.0,0.5
1644318607,45.0,53.4
1644318907,44.0,1
1644319208,44.0,0.7
1644319507,44.0,0.3
1644319807,44.0,0.2
1644320107,44.0,0.7
1644320408,48.0,42.7
1644320707,44.0,3
1644321007,44.0,0.7
1644321307,44.0,0.3
1644321607,44.0,0.5
1644321908,44.0,0.7
1644322207,45.0,0.2
1644322507,45.0,0.2
1644322807,44.0,22.5
1644323108,44.0,0.8
1644323407,44.0,0.5
1644323707,44.0,0.5
1644324007,44.0,0.7
1644324308,44.0,71.3
1644324607,44.0,0.8
1644324907,44.0,0.7
1644325207,48.0,0.8
1644325508,44.0,19.6
1644325807,44.0,0.5
1644326107,44.0,61.2
1644326407,44.0,0.8
1644326707,44.0,0.7
1644327008,44.0,0.3
1644327307,44.0,0.5
1644327607,44.0,0.5
1644327907,45.0,38.6
1644328208,44.0,0.7
1644328507,44.0,0.3
1644328807,44.0,0.7
1644329107,44.0,0.5
1644329408,44.0,0.5
1644329707,46.0,12.7
1644330007,44.0,15.9
1644330307,44.0,0.8
1644330608,44.0,0.2
1644330907,44.0,0.2
1644331207,44.0,1
1644331507,50.0,0.3
1644331807,44.0,71.2
1644332108,44.0,0.7
1644332407,44.0,0.3
1644332707,44.0,0.8
1644333007,44.0,0.5
1644333308,44.0,0.8
1644333607,49.0,1.2
1644333907,44.0,57.6
1644334207,44.0,0.3
1644334508,44.0,0.3
1644334807,44.0,0.7
1644335107,44.0,0.8
1644335407,44.0,47
1644335708,44.0,0.5
1644336007,44.0,0.3
1644336307,45.0,0.5
1644336607,44.0,41.2
1644336908,44.0,0.5
1644337207,45.0,0.5
1644337507,44.0,0.3
1644337807,44.0,1.2
1644338107,44.0,0.8
1644338408,44.0,0.8
1644338707,44.0,0.2
1644339007,44.0,54.2
1644339307,44.0,18.3
1644339608,44.0,0.3
1644339907,44.0,0.5
1644340207,44.0,0.8
1644340507,44.0,0.3
1644340808,45.0,0.8
1644341107,44.0,62.5
1644341407,44.0,0.5
1644341707,44.0,0.5
1644342008,44.0,0.5
1644342307,44.0,1
1644342607,45.0,0.3
1644342907,44.0,25
1644343208,44.0,0.7
1644343507,44.0,0.8
1644343807,44.0,0.5
1644344107,44.0,0.3
1644344407,44.0,1
1644344708,44.0,39.4
1644345007,44.0,0.8
1644345307,44.0,0.2
1644345607,44.0,1.2
1644345908,44.0,16.7
1644346207,44.0,0.8
1644346507,44.0,15
1644346807,44.0,0.7
1644347108,44.0,0.7
1644347407,44.0,0.5
1644347707,44.0,0.8
1644348007,44.0,0.5
1644348308,45.0,64.3
1644348607,44.0,0.8
1644348907,44.0,0.7
1644349207,44.0,1
1644349507,44.0,0.7
1644349808,44.0,0.3
1644350107,44.0,1
1644350407,44.0,68.3
1644350707,44.0,0.3
1644351008,44.0,0.5
1644351307,44.0,0.5
1644351607,44.0,0.7
1644351907,44.0,0.5
1644352208,50.0,61.3
1644352507,44.0,0.8
1644352807,44.0,1
1644353107,44.0,0.8
1644353408,44.0,0.7
1644353707,44.0,0.5
1644354007,50.0,55.8
1644354307,44.0,0.5
1644354607,44.0,1.2
1644354908,44.0,0.8
1644355207,44.0,0.5
1644355507,44.0,0.7
1644355807,44.0,44.9
1644356108,45.0,0.7
1644356407,44.0,15.8
1644356707,44.0,0.7
1644357007,44.0,0.7
1644357308,44.0,0.7
1644357607,50.0,0.3
1644357907,44.0,0.3
1644358207,44.0,0.3
1644358508,44.0,0.3
1644358807,47.0,0.3
1644359107,44.0,36.3
1644359407,44.0,1.2
1644359708,44.0,62
1644360007,44.0,0.7
1644360307,44.0,1
1644360607,44.0,1
1644360908,44.0,0.7
1644361207,44.0,0.8
1644361507,44.0,56.3
1644361807,44.0,0.5
1644362107,44.0,0.8
1644362408,44.0,0.5
1644362707,44.0,0.5
1644363007,44.0,1.5
1644363307,45.0,30.1
1644363608,44.0,20.7
1644363907,44.0,0.7
1644364207,44.0,0.5
1644364507,44.0,0.8
1644364808,44.0,0.3
1644365107,45.0,1
1644365407,44.0,45.1
1644365707,44.0,0.7
1644366008,44.0,0.3
1644366307,44.0,0.3
1644366607,44.0,0.7
1644366907,44.0,0.5
1644367208,44.0,65.8
1644367507,44.0,0.5
1644367807,44.0,0.8
1644368107,44.0,23.6
1644368407,44.0,0.8
1644368708,44.0,0.5
1644369007,50.0,21.9
1644369307,44.0,1.2
1644369607,44.0,0.5
1644369908,44.0,0.2
1644370207,44.0,0.3
1644370507,44.0,1
1644370807,45.0,1
1644371108,44.0,46.1
1644371407,44.0,0.8
1644371707,44.0,1.5
1644372007,44.0,0.5
1644372308,44.0,0.5
1644372607,44.0,0.3
1644372907,44.0,62.6
1644373207,44.0,1
1644373508,44.0,1.3
1644373807,44.0,0.7
1644374107,44.0,0.5
1644374407,44.0,0.5
1644374707,45.0,29.4
1644375008,44.0,6.8
1644375307,44.0,0.3
1644375607,44.0,0.3
1644375907,44.0,3.3
1644376208,45.0,85.7
1644376507,44.0,50.5
1644376807,44.0,51.5
1644377107,45.0,62.7
1644377408,44.0,50.1
1644377707,45.0,30.8
1644378007,45.0,68.6
1644378307,44.0,47.3
1644378607,45.0,31.1
1644378908,45.0,65.9
1644379207,45.0,39.9
1644379507,45.0,42.2
1644379807,44.0,49.8
1644380108,45.0,50.7
1644380407,45.0,63.4
1644380707,44.0,66.2
1644381007,44.0,50.6
1644381307,49.0,58.9
1644381608,44.0,38.9
1644381907,50.0,42.3
1644382207,46.0,49.8
1644382507,45.0,68.4
1644382808,44.0,51.5
1644383107,45.0,84.7
1644383407,45.0,50.4
1644383707,45.0,50.8
1644384008,45.0,67.4
1644384307,45.0,30.3
1644384607,45.0,36.3
1644384907,45.0,52.2
1644385208,47.0,50.2
1644385507,45.0,53.7
1644385807,46.0,75.7
1644386107,45.0,50.8
1644386408,45.0,90.2
1644386707,45.0,47
1644387007,44.0,63
1644387307,45.0,68.3
1644387608,45.0,53.3
1644387907,45.0,50.2
1644388207,44.0,29.1
1644388507,45.0,34.4
1644388808,44.0,33.2
1644389107,47.0,55.3
1644389408,45.0,28.8
1644389707,45.0,89.4
1644390007,44.0,55.7
1644390307,45.0,73.7
1644390608,45.0,45.5
1644390907,45.0,61.6
1644391207,44.0,50.8
1644391507,44.0,75.4
1644391808,44.0,37.1
1644392107,45.0,50.2
1644392407,45.0,74.2
1644392707,45.0,50.2
1644393008,45.0,50.6
1644393307,46.0,29.5
1644393607,45.0,50.7
1644393907,45.0,50
1644394207,45.0,80.1
1644394508,45.0,50.5
1644394807,46.0,81.8
1644395107,45.0,74.2
1644395407,45.0,63.5
1644395708,45.0,54.2
1644396007,44.0,41.8
1644396307,44.0,35
1644396607,45.0,28
1644396908,44.0,17.7
1644397207,44.0,0.2
1644397507,44.0,3.5
1644397807,44.0,0.5
1644398108,44.0,0.3
1644398407,45.0,0.3
1644398707,44.0,0.5
1644399007,45.0,0.8
1644399308,44.0,0.7
1644399607,44.0,23.6
1644399907,44.0,0.3
1644400207,44.0,1
1644400508,44.0,63.5
1644400807,44.0,0.2
1644401107,44.0,0.3
1644401407,44.0,0.5
1644401708,44.0,0.5
1644402007,46.0,0.3
1644402307,50.0,48.3
1644402607,44.0,1.5
1644402907,44.0,1.8
1644403208,44.0,1.8
1644403507,44.0,0.8
1644403807,44.0,0.7
1644404107,50.0,7.3
1644404408,44.0,22.2
1644404707,44.0,0.5
1644405007,44.0,0.7
1644405307,44.0,0.5
1644405608,44.0,0.7
1644405907,49.0,0.5
1644406207,44.0,68.4
1644406507,44.0,0.2
1644406808,44.0,0.7
1644407107,44.0,0.3
1644407407,44.0,3.8
1644407707,44.0,2.2
1644408008,51.0,58
1644408307,44.0,0.3
1644408607,52.0,94.7
1644408907,44.0,0.7
1644409208,44.0,0.5
1644409507,45.0,0.8
1644409807,44.0,15.3
1644410107,44.0,1.2
1644410407,44.0,16
1644410708,44.0,0.8
1644411007,44.0,0.8
1644411307,44.0,0.5
1644411607,44.0,40
1644411908,44.0,0.8
1644412207,44.0,0.7
1644412507,44.0,0.5
1644412807,44.0,0.8
1644413108,44.0,0.5
1644413407,46.0,0.2
1644413707,44.0,0.5
1644414007,44.0,1.5
1644414308,44.0,1.2
1644414607,44.0,1.2
1644414907,44.0,0.7
1644415207,45.0,0.7
1644415508,44.0,64.4
1644415807,44.0,0.3
1644416107,44.0,0.8
1644416407,44.0,0.5
1644416707,44.0,0.3
1644417008,44.0,0.7
1644417307,44.0,59.8
1644417607,44.0,1
1644417907,44.0,0.7
1644418208,44.0,1
1644418507,44.0,0.7
1644418807,44.0,0.3
1644419107,44.0,76.3
1644419408,44.0,0.5
1644419707,44.0,0.2
1644420007,44.0,2.6
1644420307,44.0,1.5
1644420608,44.0,1
1644420907,44.0,72.5
1644421207,44.0,1
1644421507,44.0,0.3
1644421808,44.0,0.5
1644422107,44.0,0.5
1644422407,44.0,0.5
1644422707,50.0,11
1644423007,44.0,2
1644423308,44.0,0.8
1644423607,44.0,0.7
1644423907,44.0,0.8
1644424207,44.0,0.3
1644424508,44.0,0.8
1644424807,44.0,32.9
1644425107,44.0,0.3
1644425407,44.0,0.3
1644425708,44.0,0.3
1644426007,44.0,0.3
1644426307,44.0,0.3
1644426607,44.0,57.6
1644426908,44.0,0.8
1644427207,44.0,0.5
1644427507,44.0,0.7
1644427807,44.0,1
1644428108,44.0,0.3
1644428407,50.0,9.8
1644428707,44.0,0.7
1644429007,44.0,1.8
1644429308,44.0,0.5
1644429607,44.0,1
1644429907,44.0,1.2
1644430207,46.0,0.3
1644430507,44.0,39.9
1644430808,44.0,1.2
1644431107,44.0,0.5
1644431407,44.0,5.3
1644431707,44.0,2
1644432008,44.0,3.8
1644432307,44.0,31.8
1644432607,44.0,0.2
1644432907,44.0,0.8
1644433208,44.0,36.1
1644433507,44.0,0.7
1644433807,44.0,0.7
1644434107,44.0,5.3
1644434408,44.0,0.8
1644434707,44.0,0.5
1644435007,44.0,0.2
1644435307,44.0,0.7
1644435607,44.0,0.3
1644435908,44.0,24.5
1644436207,44.0,0.3
1644436507,44.0,1.2
1644436807,44.0,2.1
1644437108,44.0,1
1644437407,44.0,0.5
1644437707,44.0,1.2
1644438007,44.0,64.5
1644438308,44.0,1.7
1644438607,44.0,0.3
1644438907,44.0,0.5
1644439207,44.0,0.8
1644439508,44.0,0.7
1644439807,45.0,46.9
1644440107,44.0,0.3
1644440407,44.0,0.7
1644440708,44.0,0.3
1644441007,44.0,0.2
1644441307,44.0,0.8
1644441607,48.0,0.3
1644441907,44.0,0.7
1644442208,48.0,0.3
1644442507,44.0,15.7
1644442807,44.0,0.8
1644443107,44.0,0.8
1644443408,44.0,1.2
1644443707,44.0,14.8
1644444007,44.0,3
1644444307,44.0,1.2
1644444608,44.0,3
1644444907,44.0,0.5
1644445207,44.0,43.5
1644445507,44.0,28.7
1644445808,44.0,0.8
1644446107,44.0,3.8
1644446407,44.0,1
1644446707,44.0,0.5
1644447007,44.0,0.5
1644447308,45.0,0.3
1644447607,44.0,0.8
1644447907,44.0,0.7
1644448207,44.0,0.2
1644448508,44.0,0.3
1644448807,44.0,0.3
1644449107,45.0,1.3
1644449407,44.0,38.9
1644449708,44.0,0.8
1644450007,44.0,1
1644450307,44.0,0.3
1644450607,44.0,0.3
1644450908,44.0,0.3
1644451207,44.0,61
1644451507,44.0,0.8
1644451807,44.0,0.3
1644452108,44.0,0.5
1644452407,44.0,0.3
1644452707,44.0,0.3
1644453007,49.0,9.1
1644453307,44.0,0.7
1644453608,44.0,0.8
1644453907,44.0,0.5
1644454207,44.0,2.5
1644454507,44.0,4.3
1644454808,44.0,2.2
1644455107,44.0,46.5
1644455407,44.0,2.5
1644455707,44.0,0.3
1644456008,44.0,0.8
1644456307,44.0,0.7
1644456607,44.0,1
1644456907,49.0,17.8
1644457208,44.0,1.8
1644457507,44.0,1
1644457807,44.0,0.8
1644458107,44.0,0.8
1644458407,44.0,0.5
1644458708,45.0,1
1644459007,44.0,13.9
1644459307,44.0,0.8
1644459607,44.0,0.8
1644459908,44.0,0.7
1644460207,44.0,0.5
1644460507,44.0,0.3
1644460807,44.0,63.1
1644461108,44.0,0.8
1644461407,44.0,0.2
1644461707,44.0,0.3
1644462007,44.0,0.8
1644462308,44.0,0.2
1644462607,44.0,50.4
1644462907,44.0,39.8
1644463207,44.0,27.5
1644463507,44.0,70.2
1644463808,45.0,31.2
1644464107,44.0,38
1644464407,47.0,39.9
1644464707,44.0,51.7
1644465008,44.0,34.7
1644465307,45.0,49.9
1644465607,44.0,44.3
1644465907,44.0,50.9
1644466207,44.0,77.6
1644466508,44.0,51.5
1644466807,44.0,70.2
1644467107,45.0,51.2
1644467407,45.0,75.3
1644467708,44.0,52.4
1644468007,46.0,49.3
1644468307,45.0,42.8
1644468607,46.0,49.8
1644468908,44.0,50.2
1644469207,48.0,28.7
1644469507,45.0,49.9
1644469807,45.0,28.5
1644470108,44.0,51.2
1644470407,45.0,83.2
1644470707,45.0,46.8
1644471007,45.0,51.6
1644471308,45.0,53
1644471607,44.0,42.9
1644471907,45.0,50
1644472207,45.0,50.1
1644472508,44.0,74
1644472807,45.0,29
1644473107,44.0,72.2
1644473407,44.0,68
1644473708,44.0,51.2
1644474007,45.0,50.2
1644474307,44.0,67.8
1644474608,44.0,30.3
1644474907,44.0,51.4
1644475207,44.0,90.5
1644475508,44.0,31.4
1644475807,45.0,29.1
1644476107,50.0,71.2
1644476408,44.0,50.7
1644476707,45.0,28.7
1644477007,45.0,36.4
1644477307,44.0,38.6
1644477608,45.0,31
1644477907,45.0,35.7
1644478207,45.0,60.8
1644478507,45.0,46.9
1644478808,45.0,46.8
1644479107,45.0,49.3
1644479407,45.0,28.4
1644479708,45.0,47.4
1644480007,44.0,77.6
1644480307,45.0,39.3
1644480607,45.0,51.9
1644480908,44.0,50.2
1644481207,44.0,79.2
1644481507,45.0,35.2
1644481807,47.0,75.3
1644482108,44.0,32.3
1644482407,44.0,0.5
1644482707,44.0,0.5
1644483007,44.0,0.3
1644483308,44.0,0.8
1644483607,44.0,0.7
1644483907,44.0,1
1644484207,44.0,0.7
1644484507,44.0,0.2
1644484808,44.0,48.7
1644485107,44.0,0.5
1644485407,44.0,48.4
1644485707,44.0,3.7
1644486008,44.0,0.7
1644486307,44.0,0.5
1644486607,44.0,0.3
1644486907,44.0,0.3
1644487208,45.0,32.3
1644487507,44.0,1.5
1644487807,44.0,1
1644488107,44.0,1.7
1644488408,44.0,0.2
1644488707,44.0,0.7
1644489007,47.0,100
1644489307,44.0,6.3
1644489608,44.0,3.7
1644489907,44.0,1.3
1644490207,44.0,0.7
1644490507,44.0,0.7
1644490807,44.0,0.7
1644491108,44.0,71.3
1644491407,44.0,0.3
1644491707,44.0,2
1644492007,44.0,0.2
1644492308,44.0,0.5
1644492607,44.0,0.2
1644492907,45.0,30.3
1644493207,44.0,0.7
1644493508,44.0,1.3
1644493807,44.0,0.7
1644494107,44.0,0.8
1644494407,44.0,0.5
1644494708,45.0,0.7
1644495007,44.0,1
1644495307,44.0,0.5
1644495607,44.0,3.8
1644495908,44.0,0.3
1644496207,44.0,0.5
1644496507,50.0,1.2
1644496807,44.0,1.3
1644497107,44.0,1
1644497408,44.0,54.4
1644497707,44.0,1
1644498007,44.0,0.7
1644498307,44.0,0.8
1644498608,44.0,43
1644498907,44.0,0.5
1644499207,44.0,0.8
1644499507,44.0,1
1644499808,44.0,0.8
1644500107,44.0,41.2
1644500407,44.0,18.6
1644500707,44.0,0.8
1644501008,44.0,0.3
1644501307,44.0,1.7
1644501607,44.0,0.8
1644501907,44.0,0.2
1644502207,49.0,3.2
1644502508,44.0,1
1644502807,44.0,0.3
1644503107,44.0,0.5
1644503407,44.0,0.5
1644503708,44.0,0.3
1644504007,45.0,0.8
1644504307,44.0,34.3
1644504607,44.0,0.3
1644504908,44.0,0.5
1644505207,44.0,0.5
1644505507,44.0,0.7
1644505807,44.0,0.5
1644506108,44.0,32.1
1644506407,44.0,0.8
1644506707,44.0,2.7
1644507007,44.0,1
1644507308,44.0,0.7
1644507607,44.0,0.7
1644507907,44.0,61.3
1644508207,44.0,0.7
1644508507,44.0,0.7
1644508808,44.0,0.8
1644509107,44.0,0.3
1644509407,44.0,3.5
1644509707,51.0,0.5
1644510008,44.0,3
1644510307,44.0,0.8
1644510607,44.0,5.6
1644510907,44.0,0.3
1644511208,44.0,0.7
1644511507,44.0,1
1644511807,44.0,15.6
1644512107,44.0,0.2
1644512408,44.0,0.3
1644512707,44.0,0.5
1644513007,44.0,1
1644513307,44.0,0.3
1644513608,44.0,51.2
1644513907,44.0,3.6
1644514207,44.0,1.2
1644514507,44.0,0.7
1644514807,44.0,0.5
1644515108,44.0,0.3
1644515407,44.0,32.7
1644515707,44.0,0.7
1644516007,44.0,0.3
1644516308,44.0,0.7
1644516607,44.0,0.2
1644516907,49.0,0.3
1644517207,46.0,0.5
1644517508,44.0,19
1644517807,44.0,0.3
1644518107,44.0,0.5
1644518407,44.0,0.7
1644518708,44.0,0.8
1644519007,44.0,38.1
1644519307,44.0,0.7
1644519607,44.0,0.7
1644519908,46.0,0.7
1644520207,44.0,5
1644520507,44.0,0.7
1644520807,44.0,7.3
1644521107,44.0,0.5
1644521408,44.0,0.5
1644521707,44.0,0.3
1644522007,44.0,3.8
1644522307,44.0,3.2
1644522608,45.0,1.2
1644522907,44.0,0.3
1644523207,44.0,0.8
1644523507,44.0,1
1644523808,44.0,100
1644524107,44.0,0.8
1644524407,44.0,0.8
1644524707,44.0,39.5
1644525008,44.0,1
1644525307,44.0,0.7
1644525607,44.0,0.8
1644525907,44.0,0.2
1644526207,44.0,0.2
1644526508,44.0,60.2
1644526807,44.0,0.7
1644527107,44.0,2.2
1644527407,44.0,0.3
1644527708,44.0,0.3
1644528007,44.0,0.5
1644528307,44.0,44.9
1644528607,44.0,40
1644528908,44.0,0.7
1644529207,44.0,0.3
1644529507,44.0,0.3
1644529807,44.0,0.8
1644530108,44.0,28.3
1644530407,44.0,0.7
1644530707,44.0,0.5
1644531007,44.0,0.7
1644531307,44.0,33.5
1644531608,44.0,0.5
1644531907,44.0,33.1
1644532207,44.0,0.8
1644532507,44.0,0.3
1644532808,44.0,0.7
1644533107,44.0,0.7
1644533407,44.0,0.3
1644533707,45.0,0.3
1644534008,44.0,0.7
1644534307,44.0,0.2
1644534607,44.0,3
1644534907,44.0,1.2
1644535208,44.0,2.2
1644535507,44.0,1.8
1644535807,44.0,62.9
1644536107,44.0,0.7
1644536408,44.0,0.2
1644536707,44.0,0.2
1644537007,44.0,0.3
1644537307,44.0,0.3
1644537608,47.0,25.4
1644537907,44.0,0.2
1644538207,44.0,0.5
1644538507,44.0,0.5
1644538807,44.0,0.5
1644539108,44.0,0.8
1644539407,44.0,44.5
1644539707,44.0,30.5
1644540007,44.0,0.7
1644540308,44.0,0.8
1644540607,44.0,0.3
1644540907,44.0,0.5
1644541207,45.0,0.3
1644541508,44.0,0.5
1644541807,44.0,2
1644542107,44.0,1
1644542407,44.0,7.5
1644542708,44.0,0.3
1644543007,44.0,0.8
1644543307,44.0,56.2
1644543607,44.0,0.3
1644543907,44.0,0.3
1644544208,44.0,0.5
1644544507,44.0,0.5
1644544807,44.0,0.3
1644545107,48.0,32.9
1644545408,44.0,0.5
1644545707,44.0,0.3
1644546007,44.0,1.2
1644546307,44.0,2.8
1644546608,44.0,3.2
1644546907,50.0,0.5
1644547207,44.0,15.9
1644547507,44.0,1
1644547808,44.0,0.7
1644548107,44.0,0.5
1644548407,44.0,0.5
1644548707,44.0,0.3
1644549007,44.0,50
1644549308,44.0,49.9
1644549607,45.0,63.8
1644549907,44.0,58
1644550207,45.0,61.4
1644550508,44.0,50
1644550807,45.0,85.7
1644551107,44.0,50
1644551407,45.0,50.4
1644551708,44.0,36.8
1644552007,45.0,29
1644552307,44.0,51.4
1644552607,45.0,50.2
1644552908,45.0,62.9
1644553207,44.0,50
1644553507,44.0,36.5
1644553807,45.0,29.5
1644554107,44.0,35.2
1644554408,44.0,41.1
1644554707,44.0,65
1644555007,44.0,49.9
1644555307,50.0,62.2
1644555608,44.0,50.7
1644555907,44.0,74.3
1644556207,44.0,45.4
1644556507,45.0,28.4
1644556807,45.0,50.4
1644557108,44.0,50.2
1644557407,44.0,28.4
1644557707,45.0,48.3
1644558007,45.0,50.1
1644558308,45.0,50.2
1644558607,45.0,50.2
1644558907,45.0,73.8
1644559207,44.0,36.5
1644559507,45.0,47.9
1644559808,44.0,68.2
1644560107,45.0,50.7
1644560407,44.0,50.2
1644560707,44.0,50.2
1644561008,45.0,50.1
1644561307,44.0,50.2
1644561607,44.0,52.2
1644561907,44.0,53.5
1644562208,44.0,46.9
1644562507,45.0,50
1644562807,44.0,74.5
1644563107,45.0,50.2
1644563408,44.0,68.2
1644563707,45.0,50.6
1644564007,45.0,69.5
1644564307,44.0,31.6
1644564608,50.0,50.1
1644564907,44.0,52.2
1644565207,44.0,44.4
1644565507,44.0,47.8
1644565808,45.0,32.1
1644566107,44.0,33.3
1644566407,44.0,51
1644566707,44.0,54.6
1644567008,45.0,39.1
1644567307,45.0,78.1
1644567607,44.0,46.2
1644567908,45.0,1.3
1644568207,44.0,0.2
1644568507,44.0,5.6
1644568807,44.0,0.3
1644569108,44.0,1.7
1644569407,44.0,1
1644569707,44.0,0.8
1644570007,46.0,98.8
1644570307,44.0,1
1644570608,44.0,54.4
1644570907,44.0,0.7
1644571207,44.0,0.2
1644571507,44.0,0.5
1644571808,44.0,0.3
1644572107,44.0,0.3
1644572407,44.0,62.8
1644572707,44.0,1.8
1644573008,44.0,0.7
1644573307,44.0,0.5
1644573607,45.0,1
1644573907,45.0,0.3
1644574208,49.0,29.5
1644574507,44.0,0.7
1644574807,44.0,4.1
1644575107,44.0,0.8
1644575408,44.0,0.5
1644575707,44.0,0.3
1644576007,45.0,0.5
1644576307,44.0,1.7
1644576608,44.0,1
1644576907,44.0,0.7
1644577207,44.0,0.8
1644577507,44.0,0.5
1644577807,44.0,0.3
1644578108,44.0,76.1
1644578407,44.0,0.5
1644578707,44.0,0.3
1644579007,44.0,1.5
1644579308,44.0,1.7
1644579607,45.0,0.3
1644579907,46.0,29
1644580207,44.0,1
1644580508,44.0,0.5
1644580807,44.0,4
1644581107,44.0,0.3
1644581407,44.0,0.3
1644581708,44.0,0.3
1644582007,44.0,0.5
1644582307,44.0,0.8
1644582607,44.0,1.8
1644582908,44.0,0.8
1644583207,44.0,0.7
1644583507,44.0,0.8
1644583807,44.0,64.9
1644584107,44.0,0.8
1644584408,44.0,0.8
1644584707,44.0,0.8
1644585007,44.0,0.3
1644585307,44.0,0.3
1644585608,45.0,46.3
1644585907,44.0,0.7
1644586207,44.0,1.8
1644586507,44.0,0.5
1644586808,44.0,0.5
1644587107,44.0,0.5
1644587407,49.0,0.7
1644587707,44.0,15.2
1644588008,45.0,0.8
1644588307,44.0,0.5
1644588607,44.0,2.6
1644588907,44.0,1.5
1644589208,44.0,1.2
1644589507,44.0,64.5
1644589807,44.0,0.8
1644590107,44.0,0.7
1644590407,44.0,1
1644590708,44.0,0.3
1644591007,44.0,0.3
1644591307,51.0,22.9
1644591607,44.0,0.8
1644591908,44.0,0.7
1644592207,44.0,1
1644592507,44.0,0.7
1644592807,44.0,0.8
1644593108,45.0,0.8
1644593407,44.0,25.2
1644593707,44.0,0.3
1644594007,44.0,0.8
1644594308,44.0,0.3
1644594607,44.0,0.3
1644594907,44.0,0.3
1644595207,44.0,62
1644595507,44.0,0.5
1644595808,44.0,0.8
1644596107,44.0,0.5
1644596407,44.0,0.7
1644596707,44.0,0.2
1644597008,45.0,0.5
1644597307,44.0,0.7
1644597607,44.0,0.2
1644597907,44.0,0.7
1644598208,44.0,1
1644598507,44.0,0.7
1644598807,45.0,0.8
1644599107,44.0,24.4
1644599408,44.0,4.7
1644599707,44.0,0.8
1644600007,44.0,1.5
1644600307,44.0,1.5
1644600607,44.0,1.3
1644600908,44.0,24.6
1644601207,44.0,0.7
1644601507,44.0,0.5
1644601807,44.0,44.8
1644602108,44.0,0.2
1644602407,44.0,0.3
1644602707,44.0,37.4
1644603007,44.0,0.2
1644603308,44.0,0.8
1644603607,44.0,0.5
1644603907,44.0,0.5
1644604207,44.0,0.3
1644604508,44.0,33
1644604807,44.0,0.3
1644605107,44.0,0.5
1644605407,44.0,1
1644605708,44.0,0.7
1644606007,44.0,0.5
1644606307,46.0,0.5
1644606607,44.0,7.1
1644606908,44.0,4
1644607207,44.0,1.3
1644607507,44.0,4.3
1644607807,44.0,0.3
1644608107,44.0,0.3
1644608408,44.0,60.6
1644608707,44.0,0.7
1644609007,44.0,0.3
1644609307,44.0,0.7
1644609608,44.0,0.8
1644609907,44.0,0.2
1644610207,45.0,15.8
1644610507,44.0,0.3
1644610808,44.0,0.3
1644611107,44.0,0.3
1644611407,44.0,1.7
1644611707,44.0,1.5
1644612008,49.0,0.5
1644612307,46.0,0.3
1644612607,44.0,21.2
1644612907,44.0,0.8
1644613208,44.0,0.7
1644613507,44.0,0.8
1644613807,44.0,0.7
1644614107,44.0,16.3
1644614407,44.0,0.7
1644614708,44.0,0.7
1644615007,46.0,0.5
1644615307,44.0,27.5
1644615607,44.0,0.5
1644615908,44.0,17.8
1644616207,44.0,0.2
1644616507,44.0,0.5
1644616807,44.0,1
1644617108,44.0,0.7
1644617407,44.0,0.8
1644617707,50.0,14.7
1644618007,44.0,0.5
1644618308,44.0,0.8
1644618607,44.0,0.3
1644618907,44.0,0.2
1644619207,44.0,1
1644619508,44.0,0.8
1644619807,44.0,16.3
1644620107,44.0,1
1644620407,44.0,0.7
1644620707,44.0,0.5
1644621008,44.0,0.5
1644621307,44.0,0.3
1644621607,44.0,67.3
1644621907,44.0,0.7
1644622208,44.0,0.3
1644622507,44.0,0.5
1644622807,44.0,2.8
1644623107,44.0,2.3
1644623408,45.0,0.8
1644623707,44.0,0.7
1644624007,44.0,0.5
1644624307,44.0,0.2
1644624608,44.0,0.3
1644624907,44.0,0.5
1644625207,44.0,0.8
1644625507,44.0,59.5
1644625807,44.0,1
1644626108,44.0,0.5
1644626407,44.0,0.8
1644626707,44.0,0.8
1644627007,44.0,0.3
1644627308,45.0,24.5
1644627607,44.0,0.3
1644627907,44.0,1.2
1644628207,44.0,0.7
1644628508,44.0,1.5
1644628807,44.0,0.3
1644629107,45.0,37.2
1644629407,44.0,0.3
1644629708,44.0,0.5
1644630007,44.0,0.5
1644630307,44.0,0.3
1644630607,44.0,0.5
1644630908,50.0,0.5
1644631207,44.0,0.3
1644631507,44.0,0.3
1644631807,44.0,0.5
1644632107,44.0,0.3
1644632408,44.0,1
1644632707,44.0,0.7
1644633007,44.0,68.2
1644633307,44.0,0.7
1644633608,44.0,0.8
1644633907,44.0,0.3
1644634207,44.0,4.8
1644634507,44.0,3
1644634808,47.0,23.8
1644635107,44.0,0.3
1644635407,44.0,50.2
1644635707,44.0,76.2
1644636008,45.0,28.5
1644636307,51.0,36.9
1644636607,45.0,35.4
1644636907,45.0,41.4
1644637208,44.0,31.9
1644637507,44.0,79.4
1644637807,45.0,29.8
1644638107,44.0,68.2
1644638408,44.0,48.6
1644638707,44.0,79.8
1644639007,45.0,50.2
1644639307,45.0,59.7
1644639607,44.0,50.2
1644639908,44.0,54.8
1644640207,45.0,50.2
1644640507,44.0,55.5
1644640807,44.0,45.2
1644641108,46.0,43.9
1644641407,44.0,28.1
1644641707,44.0,50.3
1644642007,49.0,48.6
1644642308,44.0,44.4
1644642607,44.0,46.9
1644642907,44.0,65.4
1644643207,46.0,28
1644643508,44.0,49.8
1644643807,47.0,82.9
1644644107,45.0,50.1
1644644407,45.0,59.3
1644644708,45.0,50.5
1644645007,45.0,56
1644645307,45.0,51.2
1644645607,44.0,61.4
1644645908,44.0,30
1644646207,44.0,63.9
1644646507,45.0,56.3
1644646807,45.0,51.5
1644647108,44.0,70.1
1644647407,44.0,39.7
1644647707,45.0,31.1
1644648008,44.0,50.2
1644648307,44.0,50.2
1644648607,44.0,50.8
1644648907,45.0,32.5
1644649207,45.0,33.3
1644649508,45.0,46.8
1644649807,44.0,49.8
1644650107,46.0,55.7
1644650408,45.0,44.1
1644650707,44.0,50.1
1644651007,45.0,50.9
1644651307,45.0,35.9
1644651608,44.0,51.8
1644651907,45.0,74.5
1644652207,45.0,83.3
1644652507,45.0,77.3
1644652807,45.0,53.8
1644653108,44.0,60.8
1644653407,44.0,45.7
1644653707,44.0,57
1644654007,44.0,50.6
1644654307,44.0,0.5
1644654607,44.0,0.3
1644654908,44.0,1
1644655207,44.0,0.7
1644655507,44.0,0.8
1644655807,44.0,0.3
1644656107,50.0,1
1644656408,44.0,22.5
1644656707,44.0,1
1644657007,44.0,0.5
1644657307,44.0,0.3
1644657608,44.0,0.5
1644657907,51.0,0.8
1644658207,44.0,81.6
1644658507,44.0,0.7
1644658808,44.0,0.3
1644659107,44.0,0.5
1644659407,44.0,0.5
1644659707,44.0,1
1644660008,44.0,35.5
1644660307,44.0,1
1644660607,44.0,0.8
1644660907,44.0,18.8
1644661208,44.0,0.7
1644661507,44.0,0.7
1644661807,44.0,9.1
1644662107,44.0,0.7
1644662407,44.0,0.8
1644662708,44.0,0.3
1644663007,44.0,0.3
1644663307,44.0,0.5
1644663607,44.0,0.5
1644663908,44.0,5.6
1644664207,44.0,0.2
1644664507,44.0,2.7
1644664807,44.0,4.1
1644665108,44.0,2.7
1644665407,44.0,1.2
1644665707,44.0,61.7
1644666007,44.0,0.7
1644666308,44.0,0.7
1644666607,44.0,0.8
1644666907,44.0,0.5
1644667207,44.0,0.7
1644667507,44.0,19.4
1644667808,44.0,0.2
1644668107,44.0,0.7
1644668407,44.0,0.8
1644668707,44.0,0.5
1644669008,44.0,0.5
1644669307,44.0,9.7
1644669607,44.0,0.5
1644669907,44.0,39.3
1644670208,44.0,0.3
1644670507,44.0,0.5
1644670807,44.0,0.5
1644671107,47.0,0.3
1644671408,44.0,0.3
1644671707,44.0,0.7
1644672007,44.0,0.3
1644672307,44.0,0.3
1644672608,44.0,34.9
1644672907,44.0,1
1644673207,44.0,18.6
1644673507,44.0,0.8
1644673807,44.0,0.8
1644674108,44.0,0.3
1644674407,44.0,0.2
1644674707,44.0,0.2
1644675007,44.0,60.9
1644675308,44.0,0.7
1644675607,44.0,0.3
1644675907,44.0,1.7
1644676207,44.0,3
1644676508,44.0,2.5
1644676807,46.0,15.4
1644677107,44.0,0.7
1644677407,44.0,0.8
1644677708,44.0,1.8
1644678007,44.0,0.7
1644678307,44.0,1
1644678607,45.0,1
1644678908,44.0,21
1644679207,44.0,0.8
1644679507,44.0,0.7
1644679807,44.0,0.3
1644680108,44.0,0.5
1644680407,50.0,0.3
1644680707,44.0,0.5
1644681007,44.0,0.5
1644681308,44.0,4.8
1644681607,44.0,0.5
1644681907,44.0,1
1644682207,44.0,1
1644682507,44.0,59
1644682808,44.0,1.3
1644683107,44.0,0.7
1644683407,44.0,0.7
1644683707,45.0,1
1644684008,44.0,23.6
1644684307,45.0,0.5
1644684607,44.0,0.3
1644684907,44.0,1.7
1644685208,44.0,0.5
1644685507,44.0,0.2
1644685807,44.0,0.3
1644686107,47.0,0.3
1644686408,44.0,10.2
1644686707,44.0,0.3
1644687007,44.0,3.3
1644687307,44.0,4.8
1644687608,44.0,2.5
1644687907,44.0,0.8
1644688207,44.0,62.3
1644688507,44.0,0.5
1644688808,44.0,0.8
1644689107,44.0,0.3
1644689407,44.0,0.3
1644689707,44.0,32.4
1644690008,44.0,0.5
1644690307,44.0,0.3
1644690607,44.0,0.7
1644690907,44.0,0.5
1644691208,44.0,1
1644691507,44.0,9.9
1644691807,44.0,0.8
1644692107,44.0,1
1644692407,44.0,32.7
1644692708,44.0,0.3
1644693007,44.0,0.3
1644693307,44.0,43
1644693607,44.0,0.8
1644693908,44.0,0.3
1644694207,44.0,1.7
1644694507,44.0,0.8
1644694807,44.0,0.5
1644695108,49.0,23.6
1644695407,44.0,0.3
1644695707,44.0,0.8
1644696007,44.0,0.3
1644696308,44.0,0.3
1644696607,44.0,0.7
1644696907,44.0,0.7
1644697207,44.0,16.7
1644697508,44.0,0.2
1644697807,44.0,0.3
1644698107,44.0,0.8
1644698407,44.0,0.2
1644698707,44.0,0.5
1644699008,44.0,65.6
1644699307,44.0,1
1644699607,44.0,0.8
1644699907,44.0,0.5
1644700208,44.0,0.3
1644700507,44.0,0.3
1644700807,50.0,9.8
1644701107,44.0,1.8
1644701408,44.0,1
1644701707,44.0,0.7
1644702007,44.0,0.3
1644702307,46.0,0.8
1644702608,44.0,10.8
1644702907,44.0,0.7
1644703207,44.0,0.7
1644703507,44.0,0.7
1644703808,44.0,0.7
1644704107,44.0,1
1644704407,44.0,16.4
1644704707,44.0,0.7
1644705007,44.0,0.3
1644705308,44.0,15.5
1644705607,44.0,0.3
1644705907,44.0,0.8
1644706207,44.0,9.5
1644706508,44.0,1.5
1644706807,44.0,0.5
1644707107,44.0,0.8
1644707407,44.0,1.2
1644707708,44.0,0.3
1644708007,50.0,19.6
1644708307,44.0,0.3
1644708607,44.0,1.2
1644708908,44.0,1
1644709207,44.0,0.8
1644709507,44.0,0.8
1644709807,44.0,1.2
1644710108,44.0,64
1644710407,44.0,0.7
1644710707,44.0,0.5
1644711007,44.0,0.8
1644711307,44.0,0.7
1644711608,44.0,4.5
1644711907,44.0,47.7
1644712207,44.0,0.3
1644712507,44.0,0.7
1644712808,44.0,0.8
1644713107,44.0,0.7
1644713407,44.0,0.8
1644713707,45.0,0.5
1644714008,44.0,15.9
1644714307,44.0,0.7
1644714607,44.0,0.7
1644714907,44.0,0.7
1644715208,44.0,0.3
1644715507,44.0,0.7
1644715807,44.0,1.8
1644716107,44.0,0.7
1644716407,44.0,0.5
1644716708,44.0,0.8
1644717007,44.0,0.3
1644717307,44.0,0.3
1644717607,44.0,61.2
1644717908,44.0,1
1644718207,44.0,3.2
1644718507,44.0,0.7
1644718807,44.0,0.5
1644719108,44.0,0.2
1644719407,45.0,24.4
1644719707,44.0,0.7
1644720007,44.0,0.8
1644720308,44.0,0.5
1644720607,44.0,0.5
1644720907,44.0,1
1644721207,44.0,1.3
1644721507,44.0,50.8
1644721808,44.0,51
1644722107,44.0,41.6
1644722407,44.0,64.7
1644722707,44.0,50.2
1644723008,44.0,78.7
1644723307,44.0,58.7
1644723607,44.0,30
1644723907,44.0,50.2
1644724208,44.0,70.1
1644724507,44.0,49.9
1644724807,44.0,50.2
1644725107,44.0,50.7
1644725407,44.0,30.3
1644725708,44.0,50.2
1644726007,51.0,79.7
1644726307,45.0,50.1
1644726608,44.0,55.3
1644726907,44.0,60.4
1644727207,44.0,50
1644727507,44.0,51.8
1644727808,44.0,33.9
1644728107,44.0,50.1
1644728407,44.0,50.7
1644728707,44.0,50.7
1644729007,44.0,29.5
1644729308,45.0,50.2
1644729607,44.0,34.2
1644729907,45.0,30
1644730207,44.0,29.4
1644730508,45.0,50.7
1644730807,44.0,50.5
1644731107,45.0,50.7
1644731407,44.0,43.4
1644731708,46.0,61.9
1644732007,45.0,33.8
1644732307,45.0,76.3
1644732608,44.0,50.4
1644732907,44.0,81.1
1644733207,44.0,50
1644733508,44.0,73.9
1644733807,44.0,59.2
1644734107,44.0,35
1644734407,44.0,30.6
1644734708,44.0,66.2
1644735007,44.0,50.2
1644735307,44.0,31.2
1644735608,45.0,72.8
1644735907,44.0,39
1644736207,45.0,50.1
1644736507,44.0,47.1
1644736808,45.0,42.2
1644737107,44.0,50.1
1644737407,44.0,50.1
1644737707,44.0,37.9
1644738008,46.0,42.5
1644738307,44.0,29
1644738607,44.0,50.6
1644738907,44.0,52.3
1644739208,44.0,52.4
1644739507,44.0,50.4
1644739807,44.0,30.6
1644740107,44.0,30.6
1644740408,45.0,50.2
1644740707,45.0,30.7
1644741007,45.0,33.4
1644741307,44.0,11.5
1644741607,44.0,1.7
1644741908,44.0,0.7
1644742207,44.0,0.2
1644742507,44.0,0.8
1644742807,44.0,0.3
1644743108,45.0,6.1
1644743407,44.0,0.5
1644743707,44.0,1.2
1644744007,44.0,0.5
1644744308,44.0,0.3
1644744607,44.0,0.5
1644744907,49.0,0.5
1644745207,45.0,0.3
1644745508,44.0,7.6
1644745807,44.0,0.3
1644746107,44.0,0.8
1644746407,44.0,0.5
1644746707,44.0,1
1644747008,44.0,26
1644747307,44.0,0.5
1644747607,44.0,0.7
1644747907,45.0,0.2
1644748208,44.0,3
1644748507,44.0,0.5
1644748807,44.0,42.7
1644749107,44.0,5.5
1644749408,44.0,2.7
1644749707,44.0,0.7
1644750007,44.0,0.3
1644750307,44.0,1
1644750608,51.0,11.5
1644750907,44.0,0.5
1644751207,44.0,0.8
1644751507,44.0,4.1
1644751808,44.0,0.3
1644752107,44.0,0.5
1644752407,44.0,45.9
1644752707,44.0,3.6
1644753007,44.0,0.3
1644753308,44.0,0.5
1644753607,44.0,0.3
1644753907,44.0,0.5
1644754207,45.0,0.5
1644754508,44.0,9.9
1644754807,44.0,0.5
1644755107,44.0,0.8
1644755407,44.0,0.3
1644755708,44.0,0.3
1644756007,44.0,1
1644756307,44.0,61.8
1644756607,44.0,0.2
1644756908,44.0,0.8
1644757207,44.0,0.7
1644757507,44.0,0.3
1644757807,44.0,0.3
1644758108,46.0,28.6
1644758407,44.0,1
1644758707,44.0,0.3
1644759007,44.0,1.2
1644759308,44.0,1.3
1644759607,44.0,0.5
1644759907,45.0,0.7
1644760207,44.0,19.6
1644760507,44.0,1.5
1644760808,44.0,1.8
1644761107,44.0,0.7
1644761407,44.0,0.5
1644761707,44.0,0.7
1644762008,44.0,64.1
1644762307,44.0,0.3
1644762607,44.0,0.7
1644762907,44.0,0.3
1644763208,44.0,0.5
1644763507,44.0,0.5
1644763807,44.0,55
1644764107,44.0,0.3
1644764408,44.0,0.3
1644764707,44.0,0.5
1644765007,44.0,0.5
1644765307,44.0,0.8
1644765608,50.0,0.5
1644765907,44.0,0.3
1644766207,44.0,0.5
1644766507,44.0,0.8
1644766807,44.0,0.3
1644767108,44.0,0.7
1644767407,44.0,0.8
1644767707,44.0,40.3
1644768007,44.0,0.8
1644768308,44.0,0.7
1644768607,44.0,0.5
1644768907,44.0,0.3
1644769207,44.0,0.3
1644769508,44.0,31.2
1644769807,44.0,0.5
1644770107,44.0,0.2
1644770407,44.0,0.8
1644770708,44.0,0.3
1644771007,44.0,0.8
1644771307,47.0,20.7
1644771607,44.0,7.8
1644771907,44.0,0.5
1644772208,44.0,4.1
1644772507,44.0,0.3
1644772807,44.0,4.5
1644773107,44.0,3.2
1644773408,44.0,63.8
1644773707,44.0,0.7
1644774007,44.0,0.8
1644774307,44.0,0.7
1644774608,44.0,0.5
1644774907,44.0,1
1644775207,50.0,10.3
1644775507,44.0,0.8
1644775808,44.0,1
1644776107,44.0,1.8
1644776407,44.0,0.5
1644776707,44.0,0.7
1644777008,51.0,0.5
1644777307,44.0,41.1
1644777607,44.0,2
1644777907,44.0,4.3
1644778208,44.0,0.3
1644778507,44.0,0.5
1644778807,44.0,1
1644779107,44.0,38.5
1644779408,44.0,0.8
1644779707,44.0,0.8
1644780007,44.0,45.7
1644780307,44.0,0.7
1644780607,44.0,0.5
1644780908,44.0,0.5
1644781207,44.0,0.8
1644781507,44.0,0.8
1644781807,44.0,0.3
1644782108,44.0,0.7
1644782407,44.0,0.5
1644782707,44.0,12.5
1644783007,44.0,12.1
1644783308,44.0,0.8
1644783607,44.0,0.5
1644783907,44.0,0.3
1644784207,44.0,0.3
1644784508,49.0,0.7
1644784807,44.0,0.7
1644785107,44.0,0.7
1644785407,44.0,0.5
1644785708,44.0,0.3
1644786007,44.0,0.5
1644786307,44.0,0.3
1644786607,44.0,2.6
1644786907,44.0,5.5
1644787208,44.0,4
1644787507,44.0,39.6
1644787807,44.0,0.5
1644788107,44.0,0.8
1644788408,44.0,55.8
1644788707,44.0,0.7
1644789007,44.0,1
1644789307,44.0,0.3
1644789608,44.0,0.2
1644789907,44.0,0.5
1644790207,44.0,62.8
1644790507,44.0,1
1644790808,44.0,0.8
1644791107,44.0,0.2
1644791407,44.0,0.8
1644791707,44.0,0.8
1644792007,44.0,23.1
1644792308,44.0,0.7
1644792607,44.0,0.5
1644792907,44.0,1
1644793207,44.0,0.3
1644793508,44.0,0.3
1644793807,45.0,0.8
1644794107,44.0,36
1644794407,44.0,1.5
1644794708,44.0,3.8
1644795007,44.0,0.7
1644795307,44.0,0.7
1644795607,44.0,0.5
1644795908,44.0,51.6
1644796207,44.0,0.3
1644796507,44.0,1.3
1644796807,44.0,0.7
1644797107,44.0,0.5
1644797408,44.0,0.5
1644797707,48.0,2.3
1644798007,44.0,0.3
1644798307,44.0,0.7
1644798608,44.0,1
1644798907,44.0,0.3
1644799207,44.0,0.5
1644799507,45.0,0.5
1644799808,44.0,0.8
1644800107,44.0,30.5
1644800407,44.0,0.3
1644800707,44.0,0.5
1644801008,44.0,0.5
1644801307,44.0,0.7
1644801607,44.0,19
1644801907,44.0,0.3
1644802208,44.0,1
1644802507,44.0,1.7
1644802807,44.0,30
1644803107,44.0,0.3
1644803407,44.0,29
1644803708,44.0,0.8
1644804007,44.0,0.7
1644804307,44.0,0.3
1644804607,44.0,0.5
1644804908,44.0,0.2
1644805207,46.0,20.4
1644805507,44.0,0.5
1644805807,44.0,0.5
1644806108,44.0,1
1644806407,44.0,0.8
1644806707,44.0,0.3
1644807007,46.0,1
1644807308,44.0,19.6
1644807607,44.0,0.3
1644807907,44.0,2.5
1644808207,44.0,2.5
1644808508,44.0,51.1
1644808807,44.0,33.4
1644809107,46.0,62.8
1644809407,45.0,48
1644809708,45.0,44.2
1644810007,44.0,50.2
1644810307,45.0,57.3
1644810607,44.0,28.8
1644810908,47.0,28.1
1644811207,44.0,50.2
1644811507,45.0,49.9
1644811807,44.0,28.7
1644812108,45.0,87.6
1644812407,44.0,43.3
1644812707,44.0,64.4
1644813007,44.0,55.2
1644813307,44.0,53.7
1644813608,44.0,50.3
1644813907,44.0,50.2
1644814207,44.0,50.3
1644814507,44.0,51.3
1644814808,44.0,31.8
1644815107,44.0,50.9
1644815407,44.0,50.5
1644815707,44.0,30
1644816008,44.0,47.1
1644816307,44.0,28.2
1644816607,44.0,30.7
1644816907,44.0,50.2
1644817208,45.0,50.5
1644817507,44.0,42.9
1644817807,45.0,64.6
1644818107,45.0,45.1
1644818407,44.0,74.5
1644818707,45.0,26
1644819008,45.0,71.4
1644819307,44.0,50.5
1644819607,44.0,77.6
1644819907,45.0,40.9
1644820208,44.0,50.1
1644820507,44.0,49.6
1644820807,44.0,52.5
1644821108,44.0,47.7
1644821407,44.0,50.1
1644821707,45.0,31.3
1644822007,44.0,38.5
1644822308,45.0,50.1
1644822607,44.0,68.3
1644822907,44.0,46.3
1644823207,44.0,28.9
1644823508,45.0,49.8
1644823807,44.0,50.1
1644824108,45.0,29
1644824407,44.0,50.1
1644824707,46.0,29.1
1644825007,44.0,50.1
1644825308,44.0,35.8
1644825607,44.0,30.3
1644825907,44.0,79.9
1644826207,44.0,50.3
1644826508,45.0,63.2
1644826807,44.0,51.2
1644827107,44.0,72.7
1644827408,44.0,0.8
1644827707,44.0,0.3
1644828007,44.0,3.8
1644828307,44.0,0.8
1644828607,44.0,0.7
1644828908,44.0,54.6
1644829207,44.0,1
1644829507,44.0,0.2
1644829807,44.0,0.7
1644830108,44.0,0.8
1644830407,44.0,0.3
1644830707,44.0,58.9
1644831007,44.0,1
1644831308,44.0,1.8
1644831607,44.0,0.7
1644831907,44.0,0.8
1644832207,44.0,0.8
1644832508,49.0,0.3
1644832807,44.0,1
1644833107,44.0,0.3
1644833407,44.0,0.7
1644833708,44.0,0.5
1644834007,44.0,0.5
1644834307,45.0,1.5
1644834607,44.0,39.7
1644834907,44.0,1.5
1644835208,44.0,0.7
1644835507,44.0,0.3
1644835807,44.0,0.5
1644836107,44.0,0.3
1644836408,44.0,49
1644836707,44.0,0.5
1644837007,44.0,0.8
1644837307,44.0,1.5
1644837608,44.0,0.3
1644837907,44.0,0.8
1644838207,45.0,0.8
1644838507,44.0,0.8
1644838808,44.0,4.1
1644839107,44.0,0.5
1644839407,44.0,1.3
1644839707,44.0,1.5
1644840007,44.0,1.3
1644840308,44.0,64.1
1644840607,44.0,3.5
1644840907,44.0,1.3
1644841207,44.0,0.7
1644841508,44.0,0.5
1644841807,44.0,0.8
1644842107,44.0,22.4
1644842407,44.0,0.3
1644842708,44.0,0.5
1644843007,44.0,0.5
1644843307,44.0,0.5
1644843607,44.0,1
1644843908,44.0,50
1644844207,44.0,0.3
1644844507,44.0,1.2
1644844807,44.0,28.2
1644845108,44.0,0.3
1644845407,44.0,0.7
1644845707,44.0,0.3
1644846007,44.0,1.2
1644846307,44.0,0.2
1644846608,44.0,0.5
1644846907,44.0,0.8
1644847207,44.0,0.5
1644847507,44.0,17.3
1644847808,44.0,15.4
1644848107,44.0,0.5
1644848407,44.0,1.5
1644848707,44.0,0.8
1644849008,44.0,0.8
1644849307,44.0,0.8
1644849607,44.0,68
1644849907,44.0,0.8
1644850208,44.0,0.5
1644850507,44.0,1
1644850807,44.0,0.5
1644851107,44.0,0.5
1644851408,45.0,24.6
1644851707,44.0,1.3
1644852007,44.0,0.8
1644852307,44.0,0.8
1644852608,44.0,0.7
1644852907,44.0,0.5
1644853207,44.0,73.7
1644853507,44.0,1.2
1644853807,44.0,0.3
1644854108,44.0,0.8
1644854407,44.0,0.7
1644854707,44.0,1
1644855007,44.0,0.7
1644855308,44.0,0.3
1644855607,44.0,0.8
1644855907,44.0,19.7
1644856207,44.0,1.7
1644856508,44.0,0.7
1644856807,44.0,0.5
1644857107,44.0,0.5
1644857407,44.0,0.7
1644857708,44.0,1
1644858007,44.0,0.5
1644858307,44.0,0.8
1644858607,44.0,41.4
1644858908,44.0,61.3
1644859207,44.0,1.7
1644859507,44.0,1
1644859807,44.0,0.7
1644860107,44.0,0.7
1644860408,44.0,0.3
1644860707,45.0,43.5
1644861007,44.0,0.7
1644861307,44.0,0.5
1644861608,44.0,1
1644861907,44.0,0.5
1644862207,44.0,1
1644862507,44.0,0.7
1644862808,44.0,14.4
1644863107,44.0,1
1644863407,44.0,0.3
1644863707,44.0,0.5
1644864008,44.0,0.3
1644864307,44.0,1
1644864607,44.0,49.4
1644864907,44.0,0.8
1644865208,44.0,4.1
1644865507,44.0,0.5
1644865807,44.0,1
1644866107,44.0,0.5
1644866407,44.0,69.8
1644866708,44.0,0.8
1644867007,44.0,1.3
1644867307,44.0,0.5
1644867607,44.0,0.3
1644867908,44.0,1.2
1644868207,50.0,13.6
1644868507,44.0,0.7
1644868807,44.0,0.5
1644869108,44.0,0.5
1644869407,44.0,0.3
1644869707,44.0,0.7
1644870007,45.0,0.8
1644870308,44.0,20.7
1644870607,44.0,0.7
1644870907,44.0,0.5
1644871207,44.0,0.8
1644871508,44.0,0.8
1644871807,44.0,0.5
1644872107,44.0,62.9
1644872407,44.0,0.7
1644872707,44.0,1
1644873008,44.0,0.3
1644873307,44.0,0.7
1644873607,44.0,1
1644873907,44.0,52.1
1644874208,44.0,0.8
1644874507,49.0,0.3
1644874807,44.0,4.3
1644875107,44.0,0.7
1644875408,44.0,0.5
1644875707,44.0,4.3
1644876007,44.0,0.3
1644876307,44.0,0.8
1644876608,44.0,0.3
1644876907,44.0,0.7
1644877207,49.0,0.7
1644877507,44.0,6.1
1644877807,44.0,0.3
1644878108,44.0,0.2
1644878407,44.0,0.5
1644878707,44.0,4.5
1644879007,44.0,3.6
1644879308,44.0,3.8
1644879607,44.0,41
1644879907,44.0,1
1644880207,44.0,1
1644880508,44.0,1
1644880807,44.0,0.8
1644881107,44.0,0.3
1644881407,44.0,62.2
1644881708,44.0,1.3
1644882007,44.0,0.8
1644882307,44.0,0.3
1644882607,44.0,0.8
1644882908,44.0,0.3
1644883207,51.0,9.8
1644883507,44.0,0.7
1644883807,44.0,1.2
1644884107,44.0,0.8
1644884408,44.0,0.7
1644884707,44.0,0.7
1644885007,48.0,10.4
1644885307,44.0,23.2
1644885608,44.0,0.5
1644885907,44.0,0.7
1644886207,44.0,0.8
1644886507,44.0,0.5
1644886808,51.0,0.2
1644887107,44.0,0.7
1644887407,44.0,0.7
1644887707,44.0,0.7
1644888008,44.0,37.6
1644888307,44.0,0.8
1644888607,44.0,1.2
1644888907,44.0,39.7
1644889208,44.0,0.5
1644889507,44.0,1
1644889807,44.0,0.5
1644890107,44.0,0.7
1644890408,44.0,0.7
1644890707,44.0,59.1
1644891007,44.0,4
1644891307,44.0,0.3
1644891607,44.0,1
1644891908,44.0,0.3
1644892207,44.0,0.7
1644892507,44.0,1.3
1644892807,44.0,5.3
1644893108,44.0,3
1644893407,44.0,1
1644893707,44.0,0.7
1644894007,44.0,0.7
1644894308,44.0,0.7
1644894607,45.0,35.7
1644894907,44.0,46.8
1644895207,44.0,50.1
1644895507,44.0,49.9
1644895808,44.0,70.6
1644896107,44.0,36.4
1644896407,44.0,77.4
1644896707,44.0,30
1644897008,49.0,45.7
1644897307,44.0,71.7
1644897607,44.0,50.2
1644897907,44.0,38
1644898208,45.0,29.1
1644898507,44.0,50.8
1644898807,45.0,51.1
1644899107,44.0,28.2
1644899407,44.0,55.1
1644899708,44.0,50.9
1644900007,44.0,50.2
1644900307,44.0,75
1644900607,44.0,50.4
1644900908,44.0,76.3
1644901207,44.0,81.7
1644901507,44.0,65.7
1644901807,44.0,31.9
1644902107,45.0,84.6
1644902408,44.0,49.6
1644902707,45.0,29.9
1644903007,44.0,50.2
1644903307,44.0,44.7
1644903608,45.0,50.3
1644903907,44.0,51
1644904207,44.0,58.9
1644904507,44.0,54.4
1644904808,44.0,50.2
1644905107,47.0,63.3
1644905407,44.0,51.4
1644905707,44.0,50.2
1644906008,44.0,61.7
1644906307,44.0,51
1644906607,44.0,65.3
1644906907,44.0,26.6
1644907207,44.0,68.8
1644907508,44.0,50.2
1644907807,44.0,76.8
1644908107,44.0,50.2
1644908408,45.0,75.6
1644908707,44.0,49.7
1644909007,44.0,86.7
1644909308,44.0,48.2
1644909607,46.0,52.5
1644909907,44.0,70
1644910207,45.0,50.3
1644910508,44.0,30.4
1644910807,45.0,50.1
1644911107,44.0,50.1
1644911407,44.0,50.2
1644911708,44.0,34.3
1644912007,45.0,40
1644912307,44.0,27.4
1644912607,44.0,44.2
1644912908,44.0,75.3
1644913207,44.0,0.3
1644913507,44.0,2.1
1644913807,44.0,1.3
1644914108,44.0,1.8
1644914407,44.0,0.5
1644914707,44.0,100
1644915007,44.0,0.5
1644915307,44.0,0.3
1644915608,44.0,0.2
1644915907,44.0,0.8
1644916207,44.0,1.2
1644916507,44.0,65.1
1644916808,44.0,0.5
1644917107,44.0,0.7
1644917407,44.0,0.7
1644917707,44.0,0.7
1644918008,45.0,0.7
1644918307,44.0,0.8
1644918607,44.0,0.5
1644918907,44.0,0.8
1644919208,44.0,0.8
1644919507,44.0,0.7
1644919807,44.0,0.7
1644920107,44.0,10.4
1644920408,44.0,0.7
1644920707,44.0,45.4
1644921007,44.0,0.5
1644921307,44.0,0.8
1644921607,44.0,0.3
1644921908,44.0,15.6
1644922207,44.0,0.3
1644922507,44.0,2.2
1644922807,44.0,0.5
1644923108,44.0,0.5
1644923407,44.0,33.4
1644923707,51.0,0.3
1644924007,44.0,0.7
1644924308,44.0,0.7
1644924607,44.0,0.3
1644924907,44.0,2.8
1644925207,44.0,2.2
1644925508,44.0,2.5
1644925807,44.0,32.1
1644926107,44.0,1.5
1644926407,44.0,1.7
1644926707,44.0,0.7
1644927008,44.0,2.5
1644927307,44.0,0.5
1644927607,44.0,42.6
1644927907,44.0,0.8
1644928208,44.0,1
1644928507,44.0,0.5
1644928807,44.0,0.8
1644929107,44.0,0.5
1644929408,46.0,0.3
1644929707,44.0,0.7
1644930007,44.0,39.3
1644930307,44.0,1
1644930608,44.0,0.7
1644930907,45.0,0.3
1644931207,45.0,0.3
1644931507,44.0,11.3
1644931808,44.0,1
1644932107,45.0,0.5
1644932407,45.0,0.2
1644932707,44.0,32.4
1644933008,44.0,0.7
1644933307,44.0,42.3
1644933607,44.0,3
1644933907,45.0,0.8
1644934207,44.0,2
1644934508,44.0,0.7
1644934807,44.0,0.7
1644935107,52.0,4.6
1644935407,44.0,0.5
1644935708,44.0,0.8
1644936007,44.0,0.7
1644936307,45.0,0.7
1644936607,44.0,0.5
1644936908,45.0,0.8
1644937207,44.0,24.4
1644937507,44.0,0.5
1644937807,45.0,0.5
1644938108,44.0,0.7
1644938407,45.0,0.3
1644938707,45.0,1.5
1644939007,50.0,3.5
1644939308,44.0,1.7
1644939607,45.0,0.3
1644939907,44.0,0.7
1644940207,44.0,0.3
1644940507,44.0,58
1644940808,44.0,1
1644941107,44.0,0.7
1644941407,44.0,1
1644941707,44.0,1.8
1644942008,45.0,0.2
1644942307,47.0,25.3
1644942607,44.0,0.8
1644942907,44.0,0.5
1644943208,45.0,0.3
1644943507,45.0,0.5
1644943807,45.0,0.3
1644944107,49.0,0.7
1644944408,45.0,18.8
1644944707,45.0,0.3
1644945007,44.0,1
1644945307,45.0,0.3
1644945608,44.0,0.7
1644945907,44.0,0.5
1644946207,45.0,60.2
1644946507,44.0,0.3
1644946807,45.0,0.7
1644947108,44.0,0.3
1644947407,45.0,0.7
1644947707,45.0,0.3
1644948007,47.0,24.3
1644948308,44.0,0.7
1644948607,44.0,0.3
1644948907,45.0,1.2
1644949207,45.0,1.3
1644949508,45.0,2.2
1644949807,50.0,0.2
1644950107,45.0,1.7
1644950407,45.0,0.3
1644950708,45.0,0.2
1644951007,44.0,1.7
1644951307,45.0,0.8
1644951607,45.0,0.5
1644951907,45.0,16.3
1644952208,45.0,0.7
1644952507,45.0,2.3
1644952807,45.0,0.5
1644953107,44.0,0.8
1644953408,44.0,0.5
1644953707,44.0,43.9
1644954007,45.0,0.3
1644954307,44.0,0.3
1644954608,44.0,0.8
1644954907,44.0,1.2
1644955207,45.0,0.2
1644955507,49.0,0.2
1644955808,45.0,0.8
1644956107,45.0,1.5
1644956407,45.0,0.7
1644956707,45.0,2.5
1644957007,45.0,0.5
1644957308,45.0,1.3
1644957607,44.0,49.7
1644957907,44.0,1
1644958207,44.0,0.5
1644958508,44.0,0.3
1644958807,45.0,0.7
1644959107,45.0,0.3
1644959407,45.0,50.7
1644959708,45.0,0.3
1644960007,44.0,0.8
1644960307,44.0,1.2
1644960607,45.0,1.5
1644960908,45.0,1.8
1644961207,47.0,0.5
1644961507,44.0,0.3
1644961807,44.0,2
1644962108,45.0,1.2
1644962407,45.0,1
1644962707,45.0,0.5
1644963007,45.0,1.3
1644963307,45.0,60.7
1644963608,44.0,0.5
1644963907,45.0,0.2
1644964207,45.0,0.7
1644964507,45.0,0.3
1644964808,45.0,0.5
1644965107,45.0,51.3
1644965407,45.0,1
1644965707,45.0,0.5
1644966008,45.0,0.5
1644966307,45.0,0.7
1644966607,45.0,0.3
1644966907,52.0,0.2
1644967208,44.0,9.6
1644967507,44.0,0.3
1644967807,45.0,0.8
1644968107,44.0,0.7
1644968408,45.0,0.5
1644968707,45.0,0.8
1644969007,45.0,64.3
1644969307,44.0,0.7
1644969608,44.0,0.8
1644969907,45.0,0.5
1644970207,45.0,1.2
1644970507,45.0,0.5
1644970807,49.0,27.9
1644971108,45.0,4.8
1644971407,45.0,1
1644971707,45.0,0.5
1644972007,45.0,0.7
1644972308,45.0,0.8
1644972607,49.0,0.5
1644972907,44.0,3.6
1644973207,45.0,0.3
1644973508,45.0,1.8
1644973807,45.0,0.8
1644974107,45.0,0.5
1644974407,45.0,0.3
1644974708,45.0,61.4
1644975007,44.0,0.2
1644975307,45.0,1
1644975607,45.0,1
1644975907,45.0,1.2
1644976208,45.0,0.5
1644976507,46.0,20.6
1644976807,44.0,0.7
1644977107,45.0,0.3
1644977408,45.0,0.7
1644977707,45.0,0.5
1644978007,45.0,0.5
1644978307,50.0,0.8
1644978608,45.0,22.8
1644978907,45.0,0.5
1644979207,45.0,2.7
1644979507,45.0,0.8
1644979808,45.0,0.5
1644980107,45.0,0.7
1644980407,44.0,68.6
1644980707,45.0,4
1644981007,45.0,0.3
1644981308,47.0,41
1644981607,46.0,65.5
1644981907,46.0,55.1
1644982207,46.0,52.2
1644982508,46.0,74.7
1644982807,45.0,48.7
1644983107,45.0,33.4
1644983407,46.0,51.9
1644983708,47.0,48
1644984007,46.0,50.2
1644984307,45.0,50.2
1644984607,46.0,49.9
1644984907,46.0,44.4
1644985208,45.0,46.8
1644985507,46.0,50.2
1644985807,46.0,35.2
1644986107,45.0,55.6
1644986408,45.0,51.1
1644986707,46.0,50.2
1644987007,45.0,62.5
1644987308,45.0,49.9
1644987607,46.0,44.2
1644987907,45.0,43.3
1644988207,45.0,49.4
1644988508,45.0,53.2
1644988807,45.0,50.1
1644989107,46.0,27.4
1644989408,46.0,50.1
1644989707,45.0,50.1
1644990007,47.0,50.7
1644990307,46.0,30
1644990608,46.0,51.4
1644990907,46.0,29.1
1644991207,47.0,50.2
1644991507,46.0,50.6
1644991808,45.0,51.8
1644992107,46.0,50.4
1644992407,46.0,50.1
1644992707,46.0,50
1644993008,46.0,50.2
1644993307,45.0,50.6
1644993607,45.0,50.7
1644993908,48.0,42
1644994207,46.0,50.1
1644994507,46.0,31.6
1644994808,46.0,49.1
1644995107,46.0,29.5
1644995407,45.0,51
1644995707,48.0,66.6
1644996008,46.0,53.5
1644996307,47.0,38.5
1644996607,46.0,73.5
1644996907,46.0,46.3
1644997208,45.0,50.2
1644997507,45.0,35.5
1644997807,45.0,30
1644998107,46.0,27.1
1644998407,45.0,41.9
1644998708,46.0,49.7
1644999007,45.0,0.8
1644999307,46.0,0.8
1644999607,45.0,0.7
1644999908,45.0,0.3
1645000207,45.0,31.8
1645000507,45.0,0.5
1645000807,45.0,0.5
1645001108,45.0,0.5
1645001407,45.0,0.5
1645001707,45.0,2
1645002007,45.0,1.2
1645002308,44.0,0.8
1645002607,44.0,0.3
1645002907,45.0,35.1
1645003207,45.0,0.8
1645003507,45.0,0.7
1645003808,45.0,0.7
1645004107,45.0,0.8
1645004407,45.0,0.8
1645004707,45.0,1.2
1645005008,45.0,0.5
1645005307,45.0,40.4
1645005607,45.0,0.7
1645005907,45.0,1.5
1645006208,44.0,0.3
1645006507,45.0,0.7
1645006807,45.0,0.8
1645007107,45.0,0.8
1645007408,44.0,0.5
1645007707,44.0,1.5
1645008007,44.0,32.9
1645008307,44.0,1.5
1645008608,45.0,0.3
1645008907,44.0,1.3
1645009207,45.0,0.7
1645009507,44.0,0.8
1645009807,45.0,0.5
1645010108,45.0,1
1645010407,45.0,1
1645010707,44.0,16.4
1645011007,45.0,0.5
1645011308,44.0,1
1645011607,44.0,0.8
1645011907,45.0,0.8
1645012207,45.0,0.8
1645012508,45.0,0.3
1645012807,45.0,1.2
1645013107,45.0,1
1645013407,45.0,0.3
1645013708,45.0,0.8
1645014007,45.0,0.7
1645014307,44.0,2.6
1645014607,44.0,2.5
1645014907,44.0,1.2
1645015208,44.0,0.7
1645015507,44.0,0.7
1645015807,44.0,1
1645016107,45.0,0.7
1645016408,45.0,4
1645016707,44.0,0.5
1645017007,45.0,1.7
1645017307,45.0,0.5
1645017608,44.0,1
1645017907,45.0,0.7
1645018207,44.0,0.8
1645018507,45.0,0.7
1645018808,46.0,0.5
1645019107,45.0,0.5
1645019407,45.0,0.8
1645019707,44.0,0.7
1645020008,45.0,1.7
1645020307,45.0,5.6
1645020607,49.0,0.7
1645020907,45.0,0.2
1645021207,45.0,1.2
1645021508,44.0,36.8
1645021807,45.0,1.2
1645022107,44.0,0.7
1645022407,45.0,1
1645022708,45.0,1.8
1645023007,45.0,0.8
1645023307,45.0,0.7
1645023607,46.0,0.2
1645023908,45.0,0.5
1645024207,44.0,38.3
1645024507,44.0,0.7
1645024807,44.0,0.2
1645025108,44.0,0.7
1645025407,45.0,0.7
1645025707,44.0,1.2
1645026007,45.0,0.5
1645026307,45.0,0.3
1645026608,45.0,0.7
1645026907,45.0,27.8
1645027207,45.0,0.7
1645027507,45.0,0.8
1645027808,45.0,0.7
1645028107,45.0,0.3
1645028407,45.0,0.7
1645028707,45.0,3
1645029008,45.0,2.8
1645029307,45.0,1.2
1645029607,45.0,8.5
1645029907,44.0,0.5
1645030208,45.0,1.5
1645030507,44.0,0.8
1645030807,45.0,0.3
1645031107,45.0,0.5
1645031408,45.0,1
1645031707,45.0,0.3
1645032007,45.0,1
1645032307,44.0,0.5
1645032607,44.0,0.2
1645032908,45.0,0.5
1645033207,45.0,1.2
1645033507,45.0,0.3
1645033807,45.0,0.5
1645034108,45.0,0.5
1645034407,45.0,5.6
1645034707,45.0,0.5
1645035007,45.0,0.5
1645035308,45.0,19.3
1645035607,45.0,2.1
1645035907,45.0,0.7
1645036207,45.0,1
1645036508,44.0,1
1645036807,44.0,0.5
1645037107,44.0,1
1645037407,45.0,0.5
1645037708,51.0,0.7
