Nome;Data;potencia_total;P - Fase A (W);P - Fase B (W);P - Fase C (W);Q - Total (var);Q - Fase A (var);Q - Fase B (var);Q - Fase C (var);FP - Total;FP - Fase A;FP - Fase B;FP - Fase C;V - Fase A (V);V - Fase B (V);V - Fase C (V);I - Fase A (A);I - Fase B (A);I - Fase C (A)
PowLatec;06/02/2022, 0:00:00;1540,1743595041323;0;0;1540,1743595041323;0;0;0;0;1;1;1;1;0;0;218,6426652892562;0;0;7,366095041322314
PowLatec;06/02/2022, 1:00:00;1549,637313432836;0;0;1549,637313432836;0;0;0;0;1;1;1;1;0;0;217,94102345415777;0;0;7,4242857142857135
PowLatec;06/02/2022, 2:00:00;1552,6538492871691;0;0;1552,6538492871691;0;0;0;0;1;1;1;1;0;0;218,38030549898167;0;0;7,4916904276985745
PowLatec;06/02/2022, 3:00:00;1471,6250797266514;0;0;1471,6250797266514;0;0;0;0;1;1;1;1;0;0;218,5219589977221;0;0;7,026742596810934
PowLatec;06/02/2022, 4:00:00;1483,2469642857143;0;0;1483,2469642857143;0;0;0;0;1;1;1;1;0;0;218,1354017857143;0;0;7,076874999999999
PowLatec;06/02/2022, 5:00:00;1429,0525952380951;0;0;1429,0525952380951;0;0;0;0;1;1;1;1;0;0;218,65257142857143;0;0;6,9274523809523805
PowLatec;06/02/2022, 6:00:00;1485,678123569794;0;0;1485,678123569794;0;0;0;0;1;1;1;1;0;0;218,0284210526316;0;0;7,147505720823799
PowLatec;06/02/2022, 7:00:00;1489,5957882882883;0;0;1489,5957882882883;0;0;0;0;1;1;1;1;0;0;219,745;0;0;7,05804054054054
PowLatec;06/02/2022, 8:00:00;1556,4185;0;0;1556,4185;0;0;0;0;1;1;1;1;0;0;217,56832608695652;0;0;7,524521739130434
PowLatec;06/02/2022, 9:00:00;1743,919960552268;0;0;1743,919960552268;0;0;0;0;1;1;1;1;0;0;216,47001972386587;0;0;8,340433925049311
PowLatec;06/02/2022, 10:00:00;1687,0878799999998;0;0;1687,0878799999998;0;0;0;0;1;1;1;1;0;0;215,49035999999998;0;0;8,155899999999999
PowLatec;06/02/2022, 11:00:00;1910,964040066778;0;0;1910,964040066778;0;0;0;0;1;1;1;1;0;0;214,31711185308848;0;0;9,253756260434058
PowLatec;06/02/2022, 12:00:00;1965,1384210526314;0;0;1965,1384210526314;0;0;0;0;1;1;1;1;0;0;214,4426809210526;0;0;9,560197368421052
PowLatec;06/02/2022, 13:00:00;2030,5185780525503;0;0;2030,5185780525503;0;0;0;0;1;1;1;1;0;0;215,45442040185472;0;0;9,771962905718702
PowLatec;06/02/2022, 14:00:00;2101,3291728212703;0;0;2101,3291728212703;0;0;0;0;1;1;1;1;0;0;216,0105908419498;0;0;10,107341211225997
PowLatec;06/02/2022, 15:00:00;2168,1831714285713;0;0;2168,1831714285713;0;0;0;0;1;1;1;1;0;0;215,27244285714283;0;0;10,469857142857142
PowLatec;06/02/2022, 16:00:00;2101,4810757575756;0;0;2101,4810757575756;0;0;0;0;1;1;1;1;0;0;219,07683333333333;0;0;9,976242424242423
PowLatec;06/02/2022, 17:00:00;2050,1999344262294;0;0;2050,1999344262294;0;0;0;0;1;1;1;1;0;0;221,0182950819672;0;0;9,716049180327868
PowLatec;06/02/2022, 18:00:00;1935,4006320907617;0;0;1935,4006320907617;0;0;0;0;1;1;1;1;0;0;218,70504051863858;0;0;9,163306320907617
PowLatec;06/02/2022, 19:00:00;1824,8421805792161;0;0;1824,8421805792161;0;0;0;0;1;1;1;1;0;0;219,7052640545145;0;0;8,72304940374787
PowLatec;06/02/2022, 20:00:00;1747,403717472119;0;0;1747,403717472119;0;0;0;0;1;1;1;1;0;0;220,44052044609666;0;0;8,302211895910782
PowLatec;06/02/2022, 21:00:00;1722,4267504488332;0;0;1722,4267504488332;0;0;0;0;1;1;1;1;0;0;220,3402872531418;0;0;8,189587073608617
PowLatec;06/02/2022, 22:00:00;1654,5780384615384;0;0;1654,5780384615384;0;0;0;0;1;1;1;1;0;0;218,66998076923076;0;0;7,947692307692308
PowLatec;06/02/2022, 23:00:00;1643,258026565465;0;0;1643,258026565465;0;0;0;0;1;1;1;1;0;0;218,5564705882353;0;0;7,886318785578748
PowLatec;07/02/2022, 0:00:00;1630,375863453815;0;0;1630,375863453815;0;0;0;0;1;1;1;1;0;0;216,3874297188755;0;0;7,909819277108434
PowLatec;07/02/2022, 1:00:00;1593,8463768115944;0;0;1593,8463768115944;0;0;0;0;1;1;1;1;0;0;217,44281573498967;0;0;7,5827950310559
PowLatec;07/02/2022, 2:00:00;1577,5465010351966;0;0;1577,5465010351966;0;0;0;0;1;1;1;1;0;0;217,17788819875776;0;0;7,560372670807453
PowLatec;07/02/2022, 3:00:00;1515,2081818181819;0;0;1515,2081818181819;0;0;0;0;1;1;1;1;0;0;217,93835920177386;0;0;7,294013303769401
PowLatec;07/02/2022, 4:00:00;1565,7158547008548;0;0;1565,7158547008548;0;0;0;0;1;1;1;1;0;0;217,49675213675212;0;0;7,519679487179487
PowLatec;07/02/2022, 5:00:00;1489,9422453703705;0;0;1489,9422453703705;0;0;0;0;1;1;1;1;0;0;218,05877314814813;0;0;7,050370370370371
PowLatec;07/02/2022, 6:00:00;1516,3614414414415;0;0;1516,3614414414415;0;0;0;0;1;1;1;1;0;0;217,5845945945946;0;0;7,223175675675676
PowLatec;07/02/2022, 7:00:00;1579,0363157894737;0;0;1579,0363157894737;0;0;0;0;1;1;1;1;0;0;218,85974736842107;0;0;7,488652631578947
PowLatec;07/02/2022, 8:00:00;1617,7391422594142;0;0;1617,7391422594142;0;0;0;0;1;1;1;1;0;0;218,09246861924686;0;0;7,686589958158996
PowLatec;07/02/2022, 9:00:00;1726,6191169977924;0;0;1726,6191169977924;0;0;0;0;1;1;1;1;0;0;219,14766004415011;0;0;8,265938189845475
PowLatec;07/02/2022, 10:00:00;1817,9428652751424;0;0;1817,9428652751424;0;0;0;0;1;1;1;1;0;0;219,11457305502847;0;0;8,617210626185958
PowLatec;07/02/2022, 11:00:00;1900,5561262798637;0;0;1900,5561262798637;0;0;0;0;1;1;1;1;0;0;218,75817406143346;0;0;9,034112627986348
PowLatec;07/02/2022, 12:00:00;1980,2556315789473;0;0;1980,2556315789473;0;0;0;0;1;1;1;1;0;0;219,99894736842106;0;0;9,339456140350876
PowLatec;07/02/2022, 13:00:00;2046,8663318112633;0;0;2046,8663318112633;0;0;0;0;1;1;1;1;0;0;218,4946270928463;0;0;9,699847792998478
PowLatec;07/02/2022, 14:00:00;2160,4954032258065;0;0;2160,4954032258065;0;0;0;0;1;1;1;1;0;0;216,913938172043;0;0;10,386706989247312
PowLatec;07/02/2022, 15:00:00;2141,7046029411763;0;0;2141,7046029411763;0;0;0;0;1;1;1;1;0;0;215,75141176470586;0;0;10,316382352941176
PowLatec;07/02/2022, 16:00:00;2134,729892966361;0;0;2134,729892966361;0;0;0;0;1;1;1;1;0;0;217,886376146789;0;0;10,21191131498471
PowLatec;07/02/2022, 17:00:00;1983,6055130168452;0;0;1983,6055130168452;0;0;0;0;1;1;1;1;0;0;221,6966615620214;0;0;9,412894333843798
PowLatec;07/02/2022, 18:00:00;1903,252913256956;0;0;1903,252913256956;0;0;0;0;1;1;1;1;0;0;221,31592471358428;0;0;9,000098199672667
PowLatec;07/02/2022, 19:00:00;1819,1526254180603;0;0;1819,1526254180603;0;0;0;0;1;1;1;1;0;0;221,08016722408027;0;0;8,645384615384614
PowLatec;07/02/2022, 20:00:00;1772,5736395759716;0;0;1772,5736395759716;0;0;0;0;1;1;1;1;0;0;220,87141342756183;0;0;8,38964664310954
PowLatec;07/02/2022, 21:00:00;1719,2637589928058;0;0;1719,2637589928058;0;0;0;0;1;1;1;1;0;0;219,38392086330933;0;0;8,104748201438849
PowLatec;07/02/2022, 22:00:00;1654,7849221789882;0;0;1654,7849221789882;0;0;0;0;1;1;1;1;0;0;219,7592412451362;0;0;7,943482490272373
PowLatec;07/02/2022, 23:00:00;1632,6919223300972;0;0;1632,6919223300972;0;0;0;0;1;1;1;1;0;0;220,30341747572817;0;0;7,746990291262136
PowLatec;08/02/2022, 0:00:00;1659,014466403162;0;0;1659,014466403162;0;0;0;0;1;1;1;1;0;0;216,72723320158102;0;0;8,003221343873518
PowLatec;08/02/2022, 1:00:00;1556,064291938998;0;0;1556,064291938998;0;0;0;0;1;1;1;1;0;0;216,94196078431372;0;0;7,4433333333333325
PowLatec;08/02/2022, 2:00:00;1605,2064476386038;0;0;1605,2064476386038;0;0;0;0;1;1;1;1;0;0;215,46203285420947;0;0;7,752320328542095
PowLatec;08/02/2022, 3:00:00;1544,2834128878283;0;0;1544,2834128878283;0;0;0;0;1;1;1;1;0;0;216,16272076372314;0;0;7,45126491646778
PowLatec;08/02/2022, 4:00:00;1614,5067940552017;0;0;1614,5067940552017;0;0;0;0;1;1;1;1;0;0;214,88541401273886;0;0;7,770467091295116
PowLatec;08/02/2022, 5:00:00;1524,7712844036698;0;0;1524,7712844036698;0;0;0;0;1;1;1;1;0;0;216,38224770642202;0;0;7,350756880733945
PowLatec;08/02/2022, 6:00:00;1604,5227731092439;0;0;1604,5227731092439;0;0;0;0;1;1;1;1;0;0;215,89136554621848;0;0;7,822079831932773
PowLatec;08/02/2022, 7:00:00;1495,7722966507176;0;0;1495,7722966507176;0;0;0;0;1;1;1;1;0;0;219,44959330143539;0;0;7,123540669856459
PowLatec;08/02/2022, 8:00:00;1644,256862745098;0;0;1644,256862745098;0;0;0;0;1;1;1;1;0;0;217,41113289760347;0;0;7,812069716775599
PowLatec;08/02/2022, 9:00:00;1693,023962264151;0;0;1693,023962264151;0;0;0;0;1;1;1;1;0;0;216,85314465408806;0;0;8,087861635220126
PowLatec;08/02/2022, 10:00:00;1901,4512704174228;0;0;1901,4512704174228;0;0;0;0;1;1;1;1;0;0;216,74860254083484;0;0;9,131433756805809
PowLatec;08/02/2022, 11:00:00;1865,4609881422925;0;0;1865,4609881422925;0;0;0;0;1;1;1;1;0;0;217,847628458498;0;0;8,908280632411067
PowLatec;08/02/2022, 12:00:00;2048,182667682927;0;0;2048,182667682927;0;0;0;0;1;1;1;1;0;0;218,19326219512195;0;0;9,791051829268293
PowLatec;08/02/2022, 13:00:00;2091,586301369863;0;0;2091,586301369863;0;0;0;0;1;1;1;1;0;0;216,56312024353122;0;0;10,039878234398783
PowLatec;08/02/2022, 14:00:00;2189,2047787610622;0;0;2189,2047787610622;0;0;0;0;1;1;1;1;0;0;216,3770353982301;0;0;10,498997050147494
PowLatec;08/02/2022, 15:00:00;2170,5640787401576;0;0;2170,5640787401576;0;0;0;0;1;1;1;1;0;0;219,00916535433072;0;0;10,339748031496063
PowLatec;08/02/2022, 16:00:00;2117,1823586429723;0;0;2117,1823586429723;0;0;0;0;1;1;1;1;0;0;220,22549273021;0;0;10,034135702746365
PowLatec;08/02/2022, 17:00:00;2035,3383387096774;0;0;2035,3383387096774;0;0;0;0;1;1;1;1;0;0;222,87088709677423;0;0;9,527145161290322
PowLatec;08/02/2022, 18:00:00;1947,9726883561646;0;0;1947,9726883561646;0;0;0;0;1;1;1;1;0;0;221,98174657534247;0;0;9,234469178082191
PowLatec;08/02/2022, 19:00:00;1879,4621136767316;0;0;1879,4621136767316;0;0;0;0;1;1;1;1;0;0;222,69119005328596;0;0;8,926962699822381
PowLatec;08/02/2022, 20:00:00;1805,2094029850746;0;0;1805,2094029850746;0;0;0;0;1;1;1;1;0;0;220,8180597014925;0;0;8,624759535655057
PowLatec;08/02/2022, 21:00:00;1760,8042832764506;0;0;1760,8042832764506;0;0;0;0;1;1;1;1;0;0;220,01549488054607;0;0;8,326723549488054
PowLatec;08/02/2022, 22:00:00;1669,1917523809523;0;0;1669,1917523809523;0;0;0;0;1;1;1;1;0;0;220,88691428571428;0;0;7,908742857142857
PowLatec;08/02/2022, 23:00:00;1684,9788636363635;0;0;1684,9788636363635;0;0;0;0;1;1;1;1;0;0;220,77039772727272;0;0;8,036306818181819
PowLatec;09/02/2022, 0:00:00;1617,95045174538;0;0;1617,95045174538;0;0;0;0;1;1;1;1;0;0;218,37139630390143;0;0;7,719835728952772
PowLatec;09/02/2022, 1:00:00;1653,1641392649904;0;0;1653,1641392649904;0;0;0;0;1;1;1;1;0;0;218,97617021276594;0;0;7,89852998065764
PowLatec;09/02/2022, 2:00:00;1596,4615400410678;0;0;1596,4615400410678;0;0;0;0;1;1;1;1;0;0;218,1411704312115;0;0;7,618542094455853
PowLatec;09/02/2022, 3:00:00;1578,7245962732918;0;0;1578,7245962732918;0;0;0;0;1;1;1;1;0;0;218,49113871635612;0;0;7,60072463768116
PowLatec;09/02/2022, 4:00:00;1571,2884394250514;0;0;1571,2884394250514;0;0;0;0;1;1;1;1;0;0;218,5718275154004;0;0;7,5016016427104715
PowLatec;09/02/2022, 5:00:00;1471,8097222222223;0;0;1471,8097222222223;0;0;0;0;1;1;1;1;0;0;219,66155092592592;0;0;7,077222222222222
PowLatec;09/02/2022, 6:00:00;1600,7905566600398;0;0;1600,7905566600398;0;0;0;0;1;1;1;1;0;0;219,18216699801195;0;0;7,591431411530816
PowLatec;09/02/2022, 7:00:00;1573,4066884531592;0;0;1573,4066884531592;0;0;0;0;1;1;1;1;0;0;218,30660130718954;0;0;7,508082788671024
PowLatec;09/02/2022, 8:00:00;1588,30722095672;0;0;1588,30722095672;0;0;0;0;1;1;1;1;0;0;217,88259681093393;0;0;7,636355353075171
PowLatec;09/02/2022, 9:00:00;1776,5498846153848;0;0;1776,5498846153848;0;0;0;0;1;1;1;1;0;0;217,4666730769231;0;0;8,46748076923077
PowLatec;09/02/2022, 10:00:00;1788,835913370998;0;0;1788,835913370998;0;0;0;0;1;1;1;1;0;0;217,50802259887004;0;0;8,536666666666667
PowLatec;09/02/2022, 11:00:00;1942,7018279569895;0;0;1942,7018279569895;0;0;0;0;1;1;1;1;0;0;218,8408422939068;0;0;9,227777777777776
PowLatec;09/02/2022, 12:00:00;2133,4517445482866;0;0;2133,4517445482866;0;0;0;0;1;1;1;1;0;0;218,80976635514017;0;0;10,099205607476636
PowLatec;09/02/2022, 13:00:00;2167,9383695652173;0;0;2167,9383695652173;0;0;0;0;1;1;1;1;0;0;216,98385093167704;0;0;10,398245341614908
PowLatec;09/02/2022, 14:00:00;2244,07414427157;0;0;2244,07414427157;0;0;0;0;1;1;1;1;0;0;216,33974540311175;0;0;10,795586987270156
PowLatec;09/02/2022, 15:00:00;2239,9716480446928;0;0;2239,9716480446928;0;0;0;0;1;1;1;1;0;0;217,23262569832403;0;0;10,712290502793296
PowLatec;09/02/2022, 16:00:00;2167,4435064935064;0;0;2167,4435064935064;0;0;0;0;1;1;1;1;0;0;218,83021103896104;0;0;10,289188311688312
PowLatec;09/02/2022, 17:00:00;2058,5772354948804;0;0;2058,5772354948804;0;0;0;0;1;1;1;1;0;0;221,92139931740616;0;0;9,7609385665529
PowLatec;09/02/2022, 18:00:00;1949,3681546572934;0;0;1949,3681546572934;0;0;0;0;1;1;1;1;0;0;219,3696660808436;0;0;9,18451669595782
PowLatec;09/02/2022, 19:00:00;1954,8921968365553;0;0;1954,8921968365553;0;0;0;0;1;1;1;1;0;0;220,16115992970123;0;0;9,249191564147628
PowLatec;09/02/2022, 20:00:00;1831,920919117647;0;0;1831,920919117647;0;0;0;0;1;1;1;1;0;0;220,34382352941176;0;0;8,760551470588235
PowLatec;09/02/2022, 21:00:00;1824,2574499089253;0;0;1824,2574499089253;0;0;0;0;1;1;1;1;0;0;219,56293260473586;0;0;8,690418943533697
PowLatec;09/02/2022, 22:00:00;1771,4901523809526;0;0;1771,4901523809526;0;0;0;0;1;1;1;1;0;0;220,3355238095238;0;0;8,428571428571429
PowLatec;09/02/2022, 23:00:00;1766,3934490238612;0;0;1766,3934490238612;0;0;0;0;1;1;1;1;0;0;221,16160520607374;0;0;8,35472885032538
PowLatec;10/02/2022, 0:00:00;1775,3395209580838;0;0;1775,3395209580838;0;0;0;0;1;1;1;1;0;0;217,87686626746506;0;0;8,492315369261476
PowLatec;10/02/2022, 1:00:00;1688,155369928401;0;0;1688,155369928401;0;0;0;0;1;1;1;1;0;0;217,78727923627685;0;0;8,085704057279235
PowLatec;10/02/2022, 2:00:00;1692,2484172661873;0;0;1692,2484172661873;0;0;0;0;1;1;1;1;0;0;218,6642685851319;0;0;8,082134292565947
PowLatec;10/02/2022, 3:00:00;1539,074787472036;0;0;1539,074787472036;0;0;0;0;1;1;1;1;0;0;219,55610738255035;0;0;7,311208053691275
PowLatec;10/02/2022, 4:00:00;1554,7213207547172;0;0;1554,7213207547172;0;0;0;0;1;1;1;1;0;0;218,4659119496855;0;0;7,494926624737945
PowLatec;10/02/2022, 5:00:00;1454,6123006833714;0;0;1454,6123006833714;0;0;0;0;1;1;1;1;0;0;219,42307517084282;0;0;6,941753986332573
PowLatec;10/02/2022, 6:00:00;1472,8484738041002;0;0;1472,8484738041002;0;0;0;0;1;1;1;1;0;0;217,6232346241458;0;0;7,092984054669703
PowLatec;10/02/2022, 7:00:00;1610,6489894736842;0;0;1610,6489894736842;0;0;0;0;1;1;1;1;0;0;219,5753894736842;0;0;7,71221052631579
PowLatec;10/02/2022, 8:00:00;1665,109722814499;0;0;1665,109722814499;0;0;0;0;1;1;1;1;0;0;217,7981236673774;0;0;8,082963752665245
PowLatec;10/02/2022, 9:00:00;1757,2477689243026;0;0;1757,2477689243026;0;0;0;0;1;1;1;1;0;0;217,56758964143424;0;0;8,436494023904382
PowLatec;10/02/2022, 10:00:00;1815,7398151571165;0;0;1815,7398151571165;0;0;0;0;1;1;1;1;0;0;217,0519223659889;0;0;8,674879852125693
PowLatec;10/02/2022, 11:00:00;1990,268115942029;0;0;1990,268115942029;0;0;0;0;1;1;1;1;0;0;217,82225442834138;0;0;9,52779388083736
PowLatec;10/02/2022, 12:00:00;2040,686712962963;0;0;2040,686712962963;0;0;0;0;1;1;1;1;0;0;218,99796296296296;0;0;9,728935185185186
PowLatec;10/02/2022, 13:00:00;2162,362973352034;0;0;2162,362973352034;0;0;0;0;1;1;1;1;0;0;216,84098176718092;0;0;10,376984572230015
PowLatec;10/02/2022, 14:00:00;2223,8732965517243;0;0;2223,8732965517243;0;0;0;0;1;1;1;1;0;0;216,02904827586207;0;0;10,693089655172413
PowLatec;10/02/2022, 15:00:00;2224,700951048951;0;0;2224,700951048951;0;0;0;0;1;1;1;1;0;0;216,4927132867133;0;0;10,678307692307692
PowLatec;10/02/2022, 16:00:00;2176,6894863563402;0;0;2176,6894863563402;0;0;0;0;1;1;1;1;0;0;217,6818940609952;0;0;10,371155698234348
PowLatec;10/02/2022, 17:00:00;2029,8261960132893;0;0;2029,8261960132893;0;0;0;0;1;1;1;1;0;0;221,4120930232558;0;0;9,625481727574751
PowLatec;10/02/2022, 18:00:00;1960,5369918699187;0;0;1960,5369918699187;0;0;0;0;1;1;1;1;0;0;221,10891056910566;0;0;9,235593495934959
PowLatec;10/02/2022, 19:00:00;1839,7347413793102;0;0;1839,7347413793102;0;0;0;0;1;1;1;1;0;0;221,68289655172413;0;0;8,77305172413793
PowLatec;10/02/2022, 20:00:00;1832,496755407654;0;0;1832,496755407654;0;0;0;0;1;1;1;1;0;0;220,98968386023293;0;0;8,700798668885191
PowLatec;10/02/2022, 21:00:00;1745,9578584070796;0;0;1745,9578584070796;0;0;0;0;1;1;1;1;0;0;220,58769911504424;0;0;8,245327433628319
PowLatec;10/02/2022, 22:00:00;1730,2516914498142;0;0;1730,2516914498142;0;0;0;0;1;1;1;1;0;0;221,1510594795539;0;0;8,152137546468403
PowLatec;10/02/2022, 23:00:00;1709,4134306569345;0;0;1709,4134306569345;0;0;0;0;1;1;1;1;0;0;221,3609306569343;0;0;8,15706204379562
PowLatec;11/02/2022, 0:00:00;1696,9319109461967;0;0;1696,9319109461967;0;0;0;0;1;1;1;1;0;0;218,26803339517625;0;0;8,142838589981446
PowLatec;11/02/2022, 1:00:00;1644,9444071146245;0;0;1644,9444071146245;0;0;0;0;1;1;1;1;0;0;218,19225296442687;0;0;7,870731225296443
PowLatec;11/02/2022, 2:00:00;1646,3330738522955;0;0;1646,3330738522955;0;0;0;0;1;1;1;1;0;0;217,1677245508982;0;0;7,856247504990021
PowLatec;11/02/2022, 3:00:00;1593,0753043478262;0;0;1593,0753043478262;0;0;0;0;1;1;1;1;0;0;218,26939130434783;0;0;7,6385000000000005
PowLatec;11/02/2022, 4:00:00;1566,8077136752138;0;0;1566,8077136752138;0;0;0;0;1;1;1;1;0;0;217,68017094017097;0;0;7,491025641025641
PowLatec;11/02/2022, 5:00:00;1595,2930508474576;0;0;1595,2930508474576;0;0;0;0;1;1;1;1;0;0;218,52754237288136;0;0;7,582415254237288
PowLatec;11/02/2022, 6:00:00;1589,9430349344977;0;0;1589,9430349344977;0;0;0;0;1;1;1;1;0;0;216,98746724890827;0;0;7,69
PowLatec;11/02/2022, 7:00:00;1612,5691536748332;0;0;1612,5691536748332;0;0;0;0;1;1;1;1;0;0;218,2266369710468;0;0;7,694521158129176
PowLatec;11/02/2022, 8:00:00;1705,3432213438737;0;0;1705,3432213438737;0;0;0;0;1;1;1;1;0;0;218,58930830039526;0;0;8,107193675889327
PowLatec;11/02/2022, 9:00:00;1796,2878782287823;0;0;1796,2878782287823;0;0;0;0;1;1;1;1;0;0;217,93647601476016;0;0;8,514649446494465
PowLatec;11/02/2022, 10:00:00;1861,1702972027974;0;0;1861,1702972027974;0;0;0;0;1;1;1;1;0;0;217,91167832167832;0;0;8,900087412587414
PowLatec;11/02/2022, 11:00:00;1973,9843371522095;0;0;1973,9843371522095;0;0;0;0;1;1;1;1;0;0;217,2088543371522;0;0;9,45317512274959
PowLatec;11/02/2022, 12:00:00;2102,8668145800316;0;0;2102,8668145800316;0;0;0;0;1;1;1;1;0;0;217,55025356576866;0;0;9,995499207606972
PowLatec;11/02/2022, 13:00:00;2214,987110481586;0;0;2214,987110481586;0;0;0;0;1;1;1;1;0;0;218,19186968838525;0;0;10,550254957507082
PowLatec;11/02/2022, 14:00:00;2132,4740422322775;0;0;2132,4740422322775;0;0;0;0;1;1;1;1;0;0;217,8506334841629;0;0;10,200482654600302
PowLatec;11/02/2022, 15:00:00;2132,096787790698;0;0;2132,096787790698;0;0;0;0;1;1;1;1;0;0;219,67742732558142;0;0;10,105188953488373
PowLatec;11/02/2022, 16:00:00;2078,1197384615384;0;0;2078,1197384615384;0;0;0;0;1;1;1;1;0;0;219,64636923076924;0;0;9,860138461538462
PowLatec;11/02/2022, 17:00:00;2006,7400322580647;0;0;2006,7400322580647;0;0;0;0;1;1;1;1;0;0;221,23758064516127;0;0;9,473338709677419
PowLatec;11/02/2022, 18:00:00;1939,0355411954765;0;0;1939,0355411954765;0;0;0;0;1;1;1;1;0;0;219,5023909531502;0;0;9,204442649434572
PowLatec;11/02/2022, 19:00:00;1848,452378559464;0;0;1848,452378559464;0;0;0;0;1;1;1;1;0;0;220,4451256281407;0;0;8,728107202680068
PowLatec;11/02/2022, 20:00:00;1818,421658456486;0;0;1818,421658456486;0;0;0;0;1;1;1;1;0;0;220,66310344827588;0;0;8,62886699507389
PowLatec;11/02/2022, 21:00:00;1749,6445774647887;0;0;1749,6445774647887;0;0;0;0;1;1;1;1;0;0;220,3169190140845;0;0;8,307359154929577
PowLatec;11/02/2022, 22:00:00;1780,3627257525086;0;0;1780,3627257525086;0;0;0;0;1;1;1;1;0;0;220,40207357859532;0;0;8,388026755852843
PowLatec;11/02/2022, 23:00:00;1722,8588576779027;0;0;1722,8588576779027;0;0;0;0;1;1;1;1;0;0;219,82516853932583;0;0;8,257752808988764
PowLatec;12/02/2022, 0:00:00;1718,2753747714808;0;0;1718,2753747714808;0;0;0;0;1;1;1;1;0;0;217,90994515539307;0;0;8,2454844606947
PowLatec;12/02/2022, 1:00:00;1724,4977719298245;0;0;1724,4977719298245;0;0;0;0;1;1;1;1;0;0;217,19884210526314;0;0;8,279070175438596
PowLatec;12/02/2022, 2:00:00;1667,9034416826005;0;0;1667,9034416826005;0;0;0;0;1;1;1;1;0;0;218,22043977055452;0;0;7,949139579349904
PowLatec;12/02/2022, 3:00:00;1663,5457059961316;0;0;1663,5457059961316;0;0;0;0;1;1;1;1;0;0;218,8914506769826;0;0;7,964854932301741
PowLatec;12/02/2022, 4:00:00;1571,8327474747473;0;0;1571,8327474747473;0;0;0;0;1;1;1;1;0;0;218,55949494949493;0;0;7,509232323232323
PowLatec;12/02/2022, 5:00:00;1578,619746835443;0;0;1578,619746835443;0;0;0;0;1;1;1;1;0;0;219,05061181434598;0;0;7,515822784810126
PowLatec;12/02/2022, 6:00:00;1576,2174332648872;0;0;1576,2174332648872;0;0;0;0;1;1;1;1;0;0;217,98312114989733;0;0;7,5829979466119095
PowLatec;12/02/2022, 7:00:00;1629,3090303030303;0;0;1629,3090303030303;0;0;0;0;1;1;1;1;0;0;220,6472727272727;0;0;7,690989898989899
PowLatec;12/02/2022, 8:00:00;1760,0340034965034;0;0;1760,0340034965034;0;0;0;0;1;1;1;1;0;0;219,84085664335666;0;0;8,316555944055944
PowLatec;12/02/2022, 9:00:00;1784,8526268115943;0;0;1784,8526268115943;0;0;0;0;1;1;1;1;0;0;219,22778985507247;0;0;8,524673913043477
PowLatec;12/02/2022, 10:00:00;1867,2985406301825;0;0;1867,2985406301825;0;0;0;0;1;1;1;1;0;0;218,50872305140965;0;0;8,869419568822554
PowLatec;12/02/2022, 11:00:00;1968,5224228395061;0;0;1968,5224228395061;0;0;0;0;1;1;1;1;0;0;217,76884259259262;0;0;9,448487654320987
PowLatec;12/02/2022, 12:00:00;2097,041837606838;0;0;2097,041837606838;0;0;0;0;1;1;1;1;0;0;218,97260683760683;0;0;10,041125356125356
PowLatec;12/02/2022, 13:00:00;2126,112243767313;0;0;2126,112243767313;0;0;0;0;1;1;1;1;0;0;219,65085872576174;0;0;10,137963988919667
PowLatec;12/02/2022, 14:00:00;2196,39287012987;0;0;2196,39287012987;0;0;0;0;1;1;1;1;0;0;220,35781818181817;0;0;10,38838961038961
PowLatec;12/02/2022, 15:00:00;2249,648433121019;0;0;2249,648433121019;0;0;0;0;1;1;1;1;0;0;220,05668789808917;0;0;10,637477707006369
PowLatec;12/02/2022, 16:00:00;2164,9879610194903;0;0;2164,9879610194903;0;0;0;0;1;1;1;1;0;0;219,79521739130436;0;0;10,269250374812595
PowLatec;12/02/2022, 17:00:00;2047,8994637223975;0;0;2047,8994637223975;0;0;0;0;1;1;1;1;0;0;219,49973186119877;0;0;9,718927444794954
PowLatec;12/02/2022, 18:00:00;1967,203095238095;0;0;1967,203095238095;0;0;0;0;1;1;1;1;0;0;219,69409523809523;0;0;9,347841269841268
PowLatec;12/02/2022, 19:00:00;1884,0371669477236;0;0;1884,0371669477236;0;0;0;0;1;1;1;1;0;0;220,45145025295108;0;0;8,947284991568296
PowLatec;12/02/2022, 20:00:00;1856,0581512605042;0;0;1856,0581512605042;0;0;0;0;1;1;1;1;0;0;220,30492436974788;0;0;8,795025210084033
PowLatec;12/02/2022, 21:00:00;1820,6962969283277;0;0;1820,6962969283277;0;0;0;0;1;1;1;1;0;0;220,71776450511942;0;0;8,597303754266212
PowLatec;12/02/2022, 22:00:00;1769,5763087248322;0;0;1769,5763087248322;0;0;0;0;1;1;1;1;0;0;220,58030201342285;0;0;8,363607382550336
PowLatec;12/02/2022, 23:00:00;1766,0865982905984;0;0;1766,0865982905984;0;0;0;0;1;1;1;1;0;0;220,92711111111112;0;0;8,316222222222223
PowLatec;13/02/2022, 0:00:00;1741,6186631016042;0;0;1741,6186631016042;0;0;0;0;1;1;1;1;0;0;217,5568449197861;0;0;8,276898395721926
PowLatec;13/02/2022, 1:00:00;1719,4176063829789;0;0;1719,4176063829789;0;0;0;0;1;1;1;1;0;0;217,73262411347517;0;0;8,198847517730496
PowLatec;13/02/2022, 2:00:00;1659,8627325581397;0;0;1659,8627325581397;0;0;0;0;1;1;1;1;0;0;218,58998062015502;0;0;7,872790697674418
PowLatec;13/02/2022, 3:00:00;1681,1569052224372;0;0;1681,1569052224372;0;0;0;0;1;1;1;1;0;0;219,14417794970984;0;0;7,9761895551257265
PowLatec;13/02/2022, 4:00:00;1693,746771037182;0;0;1693,746771037182;0;0;0;0;1;1;1;1;0;0;218,11544031311152;0;0;8,066849315068493
PowLatec;13/02/2022, 5:00:00;1653,248875502008;0;0;1653,248875502008;0;0;0;0;1;1;1;1;0;0;217,89170682730926;0;0;7,900783132530121
PowLatec;13/02/2022, 6:00:00;1604,34702991453;0;0;1604,34702991453;0;0;0;0;1;1;1;1;0;0;218,33916666666667;0;0;7,670641025641025
PowLatec;13/02/2022, 7:00:00;1618,4894327731092;0;0;1618,4894327731092;0;0;0;0;1;1;1;1;0;0;220,1237605042017;0;0;7,726071428571429
PowLatec;13/02/2022, 8:00:00;1703,6559074074075;0;0;1703,6559074074075;0;0;0;0;1;1;1;1;0;0;219,7727962962963;0;0;8,064425925925926
PowLatec;13/02/2022, 9:00:00;1753,6937593984962;0;0;1753,6937593984962;0;0;0;0;1;1;1;1;0;0;219,4035714285714;0;0;8,39092105263158
PowLatec;13/02/2022, 10:00:00;1840,78871657754;0;0;1840,78871657754;0;0;0;0;1;1;1;1;0;0;221,18944741532977;0;0;8,839910873440287
PowLatec;13/02/2022, 11:00:00;1934,978729903537;0;0;1934,978729903537;0;0;0;0;1;1;1;1;0;0;220,78705787781348;0;0;9,20774919614148
PowLatec;13/02/2022, 12:00:00;2068,623463268366;0;0;2068,623463268366;0;0;0;0;1;1;1;1;0;0;221,37830584707643;0;0;9,749865067466267
PowLatec;13/02/2022, 13:00:00;2126,3531549295776;0;0;2126,3531549295776;0;0;0;0;1;1;1;1;0;0;221,1454366197183;0;0;10,017943661971831
PowLatec;13/02/2022, 14:00:00;2158,9268306801737;0;0;2158,9268306801737;0;0;0;0;1;1;1;1;0;0;220,91412445730825;0;0;10,251316931982634
PowLatec;13/02/2022, 15:00:00;2177,8397781065087;0;0;2177,8397781065087;0;0;0;0;1;1;1;1;0;0;220,3328550295858;0;0;10,297115384615385
PowLatec;13/02/2022, 16:00:00;2094,3670151515153;0;0;2094,3670151515153;0;0;0;0;1;1;1;1;0;0;220,7901666666667;0;0;9,911575757575758
PowLatec;13/02/2022, 17:00:00;2002,2868530351438;0;0;2002,2868530351438;0;0;0;0;1;1;1;1;0;0;222,08308306709267;0;0;9,409776357827477
PowLatec;13/02/2022, 18:00:00;1955,2355844155845;0;0;1955,2355844155845;0;0;0;0;1;1;1;1;0;0;221,48024350649354;0;0;9,21633116883117
PowLatec;13/02/2022, 19:00:00;1891,1180133555927;0;0;1891,1180133555927;0;0;0;0;1;1;1;1;0;0;221,62432387312188;0;0;8,945642737896495
PowLatec;13/02/2022, 20:00:00;1842,4656110154906;0;0;1842,4656110154906;0;0;0;0;1;1;1;1;0;0;218,61309810671258;0;0;8,733321858864027
PowLatec;13/02/2022, 21:00:00;1762,8345195729537;0;0;1762,8345195729537;0;0;0;0;1;1;1;1;0;0;218,89256227758005;0;0;8,329270462633453
PowLatec;13/02/2022, 22:00:00;1795,355075885329;0;0;1795,355075885329;0;0;0;0;1;1;1;1;0;0;218,3185328836425;0;0;8,601736930860033
PowLatec;13/02/2022, 23:00:00;1728,7342723880597;0;0;1728,7342723880597;0;0;0;0;1;1;1;1;0;0;218,64919776119405;0;0;8,299738805970149
PowLatec;14/02/2022, 0:00:00;1723,265;0;0;1723,265;0;0;0;0;1;1;1;1;0;0;217,3869423076923;0;0;8,343442307692309
PowLatec;14/02/2022, 1:00:00;1717,7339513108614;0;0;1717,7339513108614;0;0;0;0;1;1;1;1;0;0;217,2797191011236;0;0;8,204101123595505
PowLatec;14/02/2022, 2:00:00;1692,1926112185686;0;0;1692,1926112185686;0;0;0;0;1;1;1;1;0;0;217,81396518375243;0;0;8,177021276595745
PowLatec;14/02/2022, 3:00:00;1693,1102799999999;0;0;1693,1102799999999;0;0;0;0;1;1;1;1;0;0;217,47109999999998;0;0;8,09456
PowLatec;14/02/2022, 4:00:00;1672,223180914513;0;0;1672,223180914513;0;0;0;0;1;1;1;1;0;0;217,708310139165;0;0;8,037773359840955
PowLatec;14/02/2022, 5:00:00;1619,5315757575759;0;0;1619,5315757575759;0;0;0;0;1;1;1;1;0;0;218,61763636363636;0;0;7,711636363636364
PowLatec;14/02/2022, 6:00:00;1644,6695418326692;0;0;1644,6695418326692;0;0;0;0;1;1;1;1;0;0;217,8456972111554;0;0;7,852390438247012
PowLatec;14/02/2022, 7:00:00;1673,6396114519428;0;0;1673,6396114519428;0;0;0;0;1;1;1;1;0;0;217,19331288343557;0;0;8,029222903885481
PowLatec;14/02/2022, 8:00:00;1738,472699619772;0;0;1738,472699619772;0;0;0;0;1;1;1;1;0;0;216,6388783269962;0;0;8,334885931558935
PowLatec;14/02/2022, 9:00:00;1798,338705673759;0;0;1798,338705673759;0;0;0;0;1;1;1;1;0;0;215,7244680851064;0;0;8,646560283687943
PowLatec;14/02/2022, 10:00:00;1797,1133394160584;0;0;1797,1133394160584;0;0;0;0;1;1;1;1;0;0;215,87545620437956;0;0;8,720474452554743
PowLatec;14/02/2022, 11:00:00;1948,8276151315788;0;0;1948,8276151315788;0;0;0;0;1;1;1;1;0;0;216,99394736842106;0;0;9,432845394736843
PowLatec;14/02/2022, 12:00:00;1980,6374061990211;0;0;1980,6374061990211;0;0;0;0;1;1;1;1;0;0;217,29512234910277;0;0;9,454535073409462
PowLatec;14/02/2022, 13:00:00;2061,277391304348;0;0;2061,277391304348;0;0;0;0;1;1;1;1;0;0;216,54035714285712;0;0;9,90608695652174
PowLatec;14/02/2022, 14:00:00;2149,4384081041967;0;0;2149,4384081041967;0;0;0;0;1;1;1;1;0;0;217,15193921852386;0;0;10,30438494934877
PowLatec;14/02/2022, 15:00:00;2107,7347588424436;0;0;2107,7347588424436;0;0;0;0;1;1;1;1;0;0;219,2894694533762;0;0;10,016752411575563
PowLatec;14/02/2022, 16:00:00;2066,018500727802;0;0;2066,018500727802;0;0;0;0;1;1;1;1;0;0;219,90512372634643;0;0;9,785021834061135
PowLatec;14/02/2022, 17:00:00;1934,5603236245954;0;0;1934,5603236245954;0;0;0;0;1;1;1;1;0;0;221,05679611650487;0;0;9,22794498381877
PowLatec;14/02/2022, 18:00:00;1901,7003776683086;0;0;1901,7003776683086;0;0;0;0;1;1;1;1;0;0;221,10095238095235;0;0;8,994105090311987
PowLatec;14/02/2022, 19:00:00;1844,5487437185932;0;0;1844,5487437185932;0;0;0;0;1;1;1;1;0;0;220,2543216080402;0;0;8,78035175879397
PowLatec;14/02/2022, 20:00:00;1789,2497639123105;0;0;1789,2497639123105;0;0;0;0;1;1;1;1;0;0;220,2875548060708;0;0;8,481467116357505
PowLatec;14/02/2022, 21:00:00;1788,8436451612904;0;0;1788,8436451612904;0;0;0;0;1;1;1;1;0;0;218,79037096774192;0;0;8,484580645161289
PowLatec;14/02/2022, 22:00:00;1737,2858782608696;0;0;1737,2858782608696;0;0;0;0;1;1;1;1;0;0;219,0529043478261;0;0;8,286921739130435
PowLatec;14/02/2022, 23:00:00;1730,8989711191336;0;0;1730,8989711191336;0;0;0;0;1;1;1;1;0;0;219,28734657039712;0;0;8,268447653429602
PowLatec;15/02/2022, 0:00:00;1696,6729080675423;0;0;1696,6729080675423;0;0;0;0;1;1;1;1;0;0;217,74863039399625;0;0;8,07279549718574
PowLatec;15/02/2022, 1:00:00;1681,1320150659133;0;0;1681,1320150659133;0;0;0;0;1;1;1;1;0;0;217,73907721280602;0;0;7,986666666666667
PowLatec;15/02/2022, 2:00:00;1660,9393529411764;0;0;1660,9393529411764;0;0;0;0;1;1;1;1;0;0;218,36331372549017;0;0;8,061137254901961
PowLatec;15/02/2022, 3:00:00;1612,2481818181818;0;0;1612,2481818181818;0;0;0;0;1;1;1;1;0;0;218,2175826446281;0;0;7,642355371900827
PowLatec;15/02/2022, 4:00:00;1631,5245098039215;0;0;1631,5245098039215;0;0;0;0;1;1;1;1;0;0;217,58452941176472;0;0;7,803725490196078
PowLatec;15/02/2022, 5:00:00;1504,3972665148065;0;0;1504,3972665148065;0;0;0;0;1;1;1;1;0;0;218,67398633257403;0;0;7,174214123006834
PowLatec;15/02/2022, 6:00:00;1587,3153039832287;0;0;1587,3153039832287;0;0;0;0;1;1;1;1;0;0;218,58897274633125;0;0;7,664360587002097
PowLatec;15/02/2022, 7:00:00;1611,2817012448133;0;0;1611,2817012448133;0;0;0;0;1;1;1;1;0;0;217,3608298755187;0;0;7,779688796680498
PowLatec;15/02/2022, 8:00:00;1609,2512356979405;0;0;1609,2512356979405;0;0;0;0;1;1;1;1;0;0;216,58237986270024;0;0;7,721327231121281
PowLatec;15/02/2022, 9:00:00;39,99858024691358;0;0;39,99858024691358;0;0;0;0;1;1;1;1;0;0;218,24000000000004;0;0;0,17987654320987656
PowLatec;15/02/2022, 10:00:00;743,0014285714285;0;0;743,0014285714285;0;0;0;0;1;1;1;1;0;0;217,01567346938774;0;0;3,566122448979592
PowLatec;15/02/2022, 11:00:00;1446,4474932614555;0;0;1446,4474932614555;0;0;0;0;1;1;1;1;0;0;216,25169811320757;0;0;7,059245283018868
PowLatec;15/02/2022, 12:00:00;1645,7990398126462;0;0;1645,7990398126462;0;0;0;0;1;1;1;1;0;0;217,12348946135833;0;0;7,885737704918033
PowLatec;15/02/2022, 13:00:00;1676,278712871287;0;0;1676,278712871287;0;0;0;0;1;1;1;1;0;0;215,99601485148514;0;0;8,088267326732673
PowLatec;15/02/2022, 14:00:00;1873,525231092437;0;0;1873,525231092437;0;0;0;0;1;1;1;1;0;0;216,6719117647059;0;0;8,967394957983192
PowLatec;15/02/2022, 15:00:00;1862,683215859031;0;0;1862,683215859031;0;0;0;0;1;1;1;1;0;0;218,28808370044055;0;0;8,907312775330396
PowLatec;15/02/2022, 16:00:00;1851,9652115812917;0;0;1851,9652115812917;0;0;0;0;1;1;1;1;0;0;219,13046770601338;0;0;8,793073496659243
PowLatec;15/02/2022, 17:00:00;1734,5979372197307;0;0;1734,5979372197307;0;0;0;0;1;1;1;1;0;0;220,93428251121077;0;0;8,262488789237668
PowLatec;15/02/2022, 18:00:00;1747,8461206896552;0;0;1747,8461206896552;0;0;0;0;1;1;1;1;0;0;220,40741379310344;0;0;8,296724137931035
PowLatec;15/02/2022, 19:00:00;1624,4890865384614;0;0;1624,4890865384614;0;0;0;0;1;1;1;1;0;0;221,44497596153846;0;0;7,621899038461539
PowLatec;15/02/2022, 20:00:00;1584,1102884615384;0;0;1584,1102884615384;0;0;0;0;1;1;1;1;0;0;218,1571875;0;0;7,693341346153847
PowLatec;15/02/2022, 21:00:00;1509,5927791563277;0;0;1509,5927791563277;0;0;0;0;1;1;1;1;0;0;218,1728287841191;0;0;7,202952853598015
PowLatec;15/02/2022, 22:00:00;1487,8784634760705;0;0;1487,8784634760705;0;0;0;0;1;1;1;1;0;0;218,94984886649874;0;0;7,15272040302267
PowLatec;15/02/2022, 23:00:00;1362,0232840236686;0;0;1362,0232840236686;0;0;0;0;1;1;1;1;0;0;218,4758875739645;0;0;6,599881656804734
PowLatec;16/02/2022, 0:00:00;1518,507415458937;0;0;1518,507415458937;0;0;0;0;1;1;1;1;0;0;218,21161835748794;0;0;7,226908212560387
PowLatec;16/02/2022, 1:00:00;1338,51283625731;0;0;1338,51283625731;0;0;0;0;1;1;1;1;0;0;218,7666374269006;0;0;6,490409356725147
PowLatec;16/02/2022, 2:00:00;1385,4567847411445;0;0;1385,4567847411445;0;0;0;0;1;1;1;1;0;0;218,34438692098092;0;0;6,6790463215258855
PowLatec;16/02/2022, 3:00:00;1465,6679527559054;0;0;1465,6679527559054;0;0;0;0;1;1;1;1;0;0;219,2248031496063;0;0;6,9986089238845155
PowLatec;16/02/2022, 4:00:00;1301,7736363636363;0;0;1301,7736363636363;0;0;0;0;1;1;1;1;0;0;218,61484848484847;0;0;6,215545454545455
PowLatec;16/02/2022, 5:00:00;1179,698846153846;0;0;1179,698846153846;0;0;0;0;1;1;1;1;0;0;219,80293706293705;0;0;5,633671328671329
PowLatec;16/02/2022, 6:00:00;1364,270593220339;0;0;1364,270593220339;0;0;0;0;1;1;1;1;0;0;217,58706214689266;0;0;6,574039548022599
PowLatec;16/02/2022, 7:00:00;1380,066566757493;0;0;1380,066566757493;0;0;0;0;1;1;1;1;0;0;217,6466757493188;0;0;6,569128065395095
PowLatec;16/02/2022, 8:00:00;1419,1735380116959;0;0;1419,1735380116959;0;0;0;0;1;1;1;1;0;0;217,19678362573097;0;0;6,797865497076023
PowLatec;16/02/2022, 9:00:00;1500,3897808219178;0;0;1500,3897808219178;0;0;0;0;1;1;1;1;0;0;216,62273972602742;0;0;7,195890410958904
PowLatec;16/02/2022, 10:00:00;1588,835126262626;0;0;1588,835126262626;0;0;0;0;1;1;1;1;0;0;215,50053030303033;0;0;7,667954545454546
PowLatec;16/02/2022, 11:00:00;1717,1258056872036;0;0;1717,1258056872036;0;0;0;0;1;1;1;1;0;0;219,03156398104267;0;0;8,117938388625593
PowLatec;16/02/2022, 12:00:00;1955,9483104125736;0;0;1955,9483104125736;0;0;0;0;1;1;1;1;0;0;220,13646365422395;0;0;9,26007858546169
PowLatec;16/02/2022, 13:00:00;2063,066904761905;0;0;2063,066904761905;0;0;0;0;1;1;1;1;0;0;217,9589880952381;0;0;9,867916666666668
PowLatec;16/02/2022, 14:00:00;2255,707540716612;0;0;2255,707540716612;0;0;0;0;1;1;1;1;0;0;216,8529478827362;0;0;10,814804560260587
PowLatec;16/02/2022, 15:00:00;2261,1292971246007;0;0;2261,1292971246007;0;0;0;0;1;1;1;1;0;0;216,75337060702873;0;0;10,795862619808307
PowLatec;16/02/2022, 16:00:00;2196,6117567567567;0;0;2196,6117567567567;0;0;0;0;1;1;1;1;0;0;219,70111486486485;0;0;10,36777027027027
PowLatec;16/02/2022, 17:00:00;2030,722862190813;0;0;2030,722862190813;0;0;0;0;1;1;1;1;0;0;221,50229681978797;0;0;9,643303886925796
PowLatec;16/02/2022, 18:00:00;1983,2149819494587;0;0;1983,2149819494587;0;0;0;0;1;1;1;1;0;0;218,80507220216606;0;0;9,458808664259928
PowLatec;16/02/2022, 19:00:00;1801,1133123689729;0;0;1801,1133123689729;0;0;0;0;1;1;1;1;0;0;219,55700209643607;0;0;8,544234800838574
PowLatec;16/02/2022, 20:00:00;1804,8197674418604;0;0;1804,8197674418604;0;0;0;0;1;1;1;1;0;0;219,1066596194503;0;0;8,589936575052855
PowLatec;16/02/2022, 21:00:00;1657,7908415841584;0;0;1657,7908415841584;0;0;0;0;1;1;1;1;0;0;219,0528712871287;0;0;7,898242574257426
PowLatec;16/02/2022, 22:00:00;1652,9592290249434;0;0;1652,9592290249434;0;0;0;0;1;1;1;1;0;0;219,7033560090703;0;0;7,92015873015873
PowLatec;16/02/2022, 23:00:00;1448,9086388888888;0;0;1448,9086388888888;0;0;0;0;1;1;1;1;0;0;220,40238888888888;0;0;6,866305555555555
PowLatec;17/02/2022, 0:00:00;1635,2010602409637;0;0;1635,2010602409637;0;0;0;0;1;1;1;1;0;0;215,03819277108434;0;0;7,831807228915662
PowLatec;17/02/2022, 1:00:00;1541,6916230366492;0;0;1541,6916230366492;0;0;0;0;1;1;1;1;0;0;215,80447643979056;0;0;7,402774869109947
PowLatec;17/02/2022, 2:00:00;1527,431550802139;0;0;1527,431550802139;0;0;0;0;1;1;1;1;0;0;216,68454545454546;0;0;7,311176470588236
PowLatec;17/02/2022, 3:00:00;1429,7225479452054;0;0;1429,7225479452054;0;0;0;0;1;1;1;1;0;0;217,34202739726027;0;0;6,86441095890411
PowLatec;17/02/2022, 4:00:00;1366,4824233128834;0;0;1366,4824233128834;0;0;0;0;1;1;1;1;0;0;217,62684049079758;0;0;6,543159509202455
PowLatec;17/02/2022, 5:00:00;1492,293263707572;0;0;1492,293263707572;0;0;0;0;1;1;1;1;0;0;218,1089817232376;0;0;7,1568668407310705
PowLatec;17/02/2022, 6:00:00;1372,7285240963856;0;0;1372,7285240963856;0;0;0;0;1;1;1;1;0;0;218,077078313253;0;0;6,547078313253013
PowLatec;17/02/2022, 7:00:00;1515,7599738219894;0;0;1515,7599738219894;0;0;0;0;1;1;1;1;0;0;217,2997120418848;0;0;7,284162303664922
PowLatec;17/02/2022, 8:00:00;1415,7366486486487;0;0;1415,7366486486487;0;0;0;0;1;1;1;1;0;0;216,55456756756757;0;0;6,832297297297297
PowLatec;17/02/2022, 9:00:00;1623,7026794258372;0;0;1623,7026794258372;0;0;0;0;1;1;1;1;0;0;216,12325358851675;0;0;7,805382775119617
PowLatec;17/02/2022, 10:00:00;1723,1195990566036;0;0;1723,1195990566036;0;0;0;0;1;1;1;1;0;0;217,9166037735849;0;0;8,296132075471698
PowLatec;17/02/2022, 11:00:00;1723,8696028037382;0;0;1723,8696028037382;0;0;0;0;1;1;1;1;0;0;219,61824766355141;0;0;8,184509345794392
PowLatec;17/02/2022, 12:00:00;1864,9310874200426;0;0;1864,9310874200426;0;0;0;0;1;1;1;1;0;0;219,86912579957354;0;0;8,783582089552239
PowLatec;17/02/2022, 13:00:00;1867,8457551020406;0;0;1867,8457551020406;0;0;0;0;1;1;1;1;0;0;217,88018367346942;0;0;8,943469387755103
PowLatec;17/02/2022, 14:00:00;1816,6582510288067;0;0;1816,6582510288067;0;0;0;0;1;1;1;1;0;0;217,78232510288066;0;0;8,69082304526749
PowLatec;17/02/2022, 15:00:00;1816,609748427673;0;0;1816,609748427673;0;0;0;0;1;1;1;1;0;0;217,75719077568132;0;0;8,774507337526206
PowLatec;17/02/2022, 16:00:00;1765,083023255814;0;0;1765,083023255814;0;0;0;0;1;1;1;1;0;0;220,22858350951373;0;0;8,380169133192389
PowLatec;17/02/2022, 17:00:00;1713,4040552016984;0;0;1713,4040552016984;0;0;0;0;1;1;1;1;0;0;222,32031847133757;0;0;8,066390658174099
PowLatec;17/02/2022, 18:00:00;1669,027088888889;0;0;1669,027088888889;0;0;0;0;1;1;1;1;0;0;220,7750888888889;0;0;7,862155555555556
PowLatec;17/02/2022, 19:00:00;1650,2088167053364;0;0;1650,2088167053364;0;0;0;0;1;1;1;1;0;0;220,7938283062645;0;0;7,803294663573086
PowLatec;17/02/2022, 20:00:00;1590,8554503464204;0;0;1590,8554503464204;0;0;0;0;1;1;1;1;0;0;221,10838337182446;0;0;7,572956120092379
PowLatec;17/02/2022, 21:00:00;1477,051417525773;0;0;1477,051417525773;0;0;0;0;1;1;1;1;0;0;220,18595360824742;0;0;7,1111340206185565
PowLatec;17/02/2022, 22:00:00;1481,2530829015543;0;0;1481,2530829015543;0;0;0;0;1;1;1;1;0;0;221,01134715025907;0;0;6,97062176165803
PowLatec;17/02/2022, 23:00:00;1485,972;0;0;1485,972;0;0;0;0;1;1;1;1;0;0;220,68133333333333;0;0;7,08348717948718
PowLatec;18/02/2022, 0:00:00;1508,4747420147419;0;0;1508,4747420147419;0;0;0;0;1;1;1;1;0;0;218,52776412776413;0;0;7,272407862407862
PowLatec;18/02/2022, 1:00:00;1415,8518882978724;0;0;1415,8518882978724;0;0;0;0;1;1;1;1;0;0;216,08537234042555;0;0;6,862872340425532
PowLatec;18/02/2022, 2:00:00;1436,6793460490462;0;0;1436,6793460490462;0;0;0;0;1;1;1;1;0;0;215,9882561307902;0;0;6,986512261580382
PowLatec;18/02/2022, 3:00:00;1431,3803940886698;0;0;1431,3803940886698;0;0;0;0;1;1;1;1;0;0;216,27290640394088;0;0;6,914655172413793
PowLatec;18/02/2022, 4:00:00;1371,6111204481795;0;0;1371,6111204481795;0;0;0;0;1;1;1;1;0;0;216,32661064425773;0;0;6,5706162464985995
PowLatec;18/02/2022, 5:00:00;1336,1107303370786;0;0;1336,1107303370786;0;0;0;0;1;1;1;1;0;0;217,7846629213483;0;0;6,381488764044944
PowLatec;18/02/2022, 6:00:00;1304,211836158192;0;0;1304,211836158192;0;0;0;0;1;1;1;1;0;0;217,80333333333334;0;0;6,270536723163842
PowLatec;18/02/2022, 7:00:00;1492,5904275534444;0;0;1492,5904275534444;0;0;0;0;1;1;1;1;0;0;217,79163895486937;0;0;7,14855106888361
PowLatec;18/02/2022, 8:00:00;1380,5082947976878;0;0;1380,5082947976878;0;0;0;0;1;1;1;1;0;0;217,7864161849711;0;0;6,605867052023122
PowLatec;18/02/2022, 9:00:00;1589,3467857142857;0;0;1589,3467857142857;0;0;0;0;1;1;1;1;0;0;218,2668095238095;0;0;7,567666666666667
PowLatec;18/02/2022, 10:00:00;1636,7631017369729;0;0;1636,7631017369729;0;0;0;0;1;1;1;1;0;0;217,9641687344913;0;0;7,903970223325063
PowLatec;18/02/2022, 11:00:00;1832,430777537797;0;0;1832,430777537797;0;0;0;0;1;1;1;1;0;0;218,62211663066955;0;0;8,724362850971923
PowLatec;18/02/2022, 12:00:00;1891,9438476953908;0;0;1891,9438476953908;0;0;0;0;1;1;1;1;0;0;219,07775551102205;0;0;8,935891783567135
PowLatec;18/02/2022, 13:00:00;2057,545463137996;0;0;2057,545463137996;0;0;0;0;1;1;1;1;0;0;218,79833648393193;0;0;9,773421550094518
PowLatec;18/02/2022, 14:00:00;2148,912870967742;0;0;2148,912870967742;0;0;0;0;1;1;1;1;0;0;218,54458064516132;0;0;10,233112903225807
PowLatec;18/02/2022, 15:00:00;1979,7766262626262;0;0;1979,7766262626262;0;0;0;0;1;1;1;1;0;0;218,3378383838384;0;0;9,42850505050505
PowLatec;18/02/2022, 16:00:00;2020,6730952380954;0;0;2020,6730952380954;0;0;0;0;1;1;1;1;0;0;219,9362244897959;0;0;9,55687074829932
PowLatec;18/02/2022, 17:00:00;1916,295357798165;0;0;1916,295357798165;0;0;0;0;1;1;1;1;0;0;220,07869724770643;0;0;9,181981651376148
PowLatec;18/02/2022, 18:00:00;1744,3107306889356;0;0;1744,3107306889356;0;0;0;0;1;1;1;1;0;0;220,57647181628394;0;0;8,291356993736953
PowLatec;18/02/2022, 19:00:00;1691,4912009237873;0;0;1691,4912009237873;0;0;0;0;1;1;1;1;0;0;220,65385681293301;0;0;7,988545034642033
PowLatec;18/02/2022, 20:00:00;1652,9273829787235;0;0;1652,9273829787235;0;0;0;0;1;1;1;1;0;0;221,09765957446808;0;0;7,786425531914893
PowLatec;18/02/2022, 21:00:00;1500,025699745547;0;0;1500,025699745547;0;0;0;0;1;1;1;1;0;0;220,7810941475827;0;0;7,173053435114503
PowLatec;18/02/2022, 22:00:00;1532,493022670025;0;0;1532,493022670025;0;0;0;0;1;1;1;1;0;0;221,79337531486146;0;0;7,40911838790932
PowLatec;18/02/2022, 23:00:00;1544,7914823529409;0;0;1544,7914823529409;0;0;0;0;1;1;1;1;0;0;221,24668235294118;0;0;7,286658823529412
PowLatec;19/02/2022, 0:00:00;1500,1002525252525;0;0;1500,1002525252525;0;0;0;0;1;1;1;1;0;0;218,71386363636364;0;0;7,282904040404041
PowLatec;19/02/2022, 1:00:00;1464,3794827586205;0;0;1464,3794827586205;0;0;0;0;1;1;1;1;0;0;218,5841379310345;0;0;6,98384236453202
PowLatec;19/02/2022, 2:00:00;1480,7000518134714;0;0;1480,7000518134714;0;0;0;0;1;1;1;1;0;0;218,89396373056996;0;0;7,040880829015544
PowLatec;19/02/2022, 3:00:00;1322,6552507374631;0;0;1322,6552507374631;0;0;0;0;1;1;1;1;0;0;219,5816224188791;0;0;6,353421828908554
PowLatec;19/02/2022, 4:00:00;1461,7681546134663;0;0;1461,7681546134663;0;0;0;0;1;1;1;1;0;0;218,48099750623442;0;0;6,956857855361595
PowLatec;19/02/2022, 5:00:00;1310,9486404833838;0;0;1310,9486404833838;0;0;0;0;1;1;1;1;0;0;219,7122960725075;0;0;6,21631419939577
PowLatec;19/02/2022, 6:00:00;1315,5658017492713;0;0;1315,5658017492713;0;0;0;0;1;1;1;1;0;0;219,70521865889214;0;0;6,2401166180758025
PowLatec;19/02/2022, 7:00:00;1438,8014438502673;0;0;1438,8014438502673;0;0;0;0;1;1;1;1;0;0;219,1301871657754;0;0;6,835374331550802
PowLatec;19/02/2022, 8:00:00;1502,3683896103898;0;0;1502,3683896103898;0;0;0;0;1;1;1;1;0;0;218,17293506493507;0;0;7,1977142857142855
PowLatec;19/02/2022, 9:00:00;1456,9604189944134;0;0;1456,9604189944134;0;0;0;0;1;1;1;1;0;0;217,81150837988827;0;0;6,991173184357542
PowLatec;19/02/2022, 10:00:00;1500,0300787401575;0;0;1500,0300787401575;0;0;0;0;1;1;1;1;0;0;217,7373490813648;0;0;7,2239107611548565
PowLatec;19/02/2022, 11:00:00;1670,2084367245657;0;0;1670,2084367245657;0;0;0;0;1;1;1;1;0;0;217,517270471464;0;0;7,978511166253102
PowLatec;19/02/2022, 12:00:00;1892,5990775681341;0;0;1892,5990775681341;0;0;0;0;1;1;1;1;0;0;218,13681341719075;0;0;8,989119496855347
PowLatec;19/02/2022, 13:00:00;1851,8346527777776;0;0;1851,8346527777776;0;0;0;0;1;1;1;1;0;0;218,16752314814815;0;0;8,875370370370371
PowLatec;19/02/2022, 14:00:00;2013,83985428051;0;0;2013,83985428051;0;0;0;0;1;1;1;1;0;0;217,46169398907105;0;0;9,649544626593807
PowLatec;19/02/2022, 15:00:00;2071,0831533101045;0;0;2071,0831533101045;0;0;0;0;1;1;1;1;0;0;219,30411149825784;0;0;9,823710801393727
PowLatec;19/02/2022, 16:00:00;2011,9780434782606;0;0;2011,9780434782606;0;0;0;0;1;1;1;1;0;0;220,1180434782609;0;0;9,504619565217391
PowLatec;19/02/2022, 17:00:00;1922,2239705882353;0;0;1922,2239705882353;0;0;0;0;1;1;1;1;0;0;220,36376838235293;0;0;9,089577205882351
PowLatec;19/02/2022, 18:00:00;1784,8664362850973;0;0;1784,8664362850973;0;0;0;0;1;1;1;1;0;0;220,9954859611231;0;0;8,54585313174946
PowLatec;19/02/2022, 19:00:00;1746,5234024896265;0;0;1746,5234024896265;0;0;0;0;1;1;1;1;0;0;219,94954356846472;0;0;8,337676348547719
PowLatec;19/02/2022, 20:00:00;1650,6817026378897;0;0;1650,6817026378897;0;0;0;0;1;1;1;1;0;0;220,55654676258993;0;0;7,802997601918465
PowLatec;19/02/2022, 21:00:00;1606,6055582524273;0;0;1606,6055582524273;0;0;0;0;1;1;1;1;0;0;220,92264563106798;0;0;7,590194174757281
PowLatec;19/02/2022, 22:00:00;1602,8017741935482;0;0;1602,8017741935482;0;0;0;0;1;1;1;1;0;0;221,5749539170507;0;0;7,565161290322581
PowLatec;19/02/2022, 23:00:00;1465,442420212766;0;0;1465,442420212766;0;0;0;0;1;1;1;1;0;0;220,6616755319149;0;0;6,909999999999999
PowLatec;20/02/2022, 0:00:00;1504,5378316326533;0;0;1504,5378316326533;0;0;0;0;1;1;1;1;0;0;218,5934693877551;0;0;7,220051020408163
PowLatec;20/02/2022, 1:00:00;1484,9497464788733;0;0;1484,9497464788733;0;0;0;0;1;1;1;1;0;0;218,24070422535212;0;0;7,1138028169014085
PowLatec;20/02/2022, 2:00:00;1488,0708638743458;0;0;1488,0708638743458;0;0;0;0;1;1;1;1;0;0;219,09212041884817;0;0;7,090890052356021
PowLatec;20/02/2022, 3:00:00;1503,0059743589743;0;0;1503,0059743589743;0;0;0;0;1;1;1;1;0;0;218,52741025641026;0;0;7,134615384615385
PowLatec;20/02/2022, 4:00:00;1486,0206068601585;0;0;1486,0206068601585;0;0;0;0;1;1;1;1;0;0;218,35369393139842;0;0;7,136781002638523
PowLatec;20/02/2022, 5:00:00;1296,2439375;0;0;1296,2439375;0;0;0;0;1;1;1;1;0;0;219,46759375000002;0;0;6,16246875
PowLatec;20/02/2022, 6:00:00;1462,6213784461154;0;0;1462,6213784461154;0;0;0;0;1;1;1;1;0;0;218,13661654135336;0;0;7,077819548872181
PowLatec;20/02/2022, 7:00:00;1459,2830344827587;0;0;1459,2830344827587;0;0;0;0;1;1;1;1;0;0;218,9326551724138;0;0;6,9512068965517235
PowLatec;20/02/2022, 8:00:00;1710,3458407079645;0;0;1710,3458407079645;0;0;0;0;1;1;1;1;0;0;218,35648967551623;0;0;8,160412979351033
PowLatec;20/02/2022, 9:00:00;1561,8846601941748;0;0;1561,8846601941748;0;0;0;0;1;1;1;1;0;0;218,28851132686083;0;0;7,510291262135923
PowLatec;20/02/2022, 10:00:00;1835,2134818941504;0;0;1835,2134818941504;0;0;0;0;1;1;1;1;0;0;217,280278551532;0;0;8,735348189415042
PowLatec;20/02/2022, 11:00:00;1941,34261682243;0;0;1941,34261682243;0;0;0;0;1;1;1;1;0;0;217,5721261682243;0;0;9,310210280373832
PowLatec;20/02/2022, 12:00:00;1781,8067654986523;0;0;1781,8067654986523;0;0;0;0;1;1;1;1;0;0;217,77002695417792;0;0;8,482533692722372
PowLatec;20/02/2022, 13:00:00;1989,0356768558952;0;0;1989,0356768558952;0;0;0;0;1;1;1;1;0;0;218,74445414847162;0;0;9,545829694323144
PowLatec;20/02/2022, 14:00:00;1970,5772850678732;0;0;1970,5772850678732;0;0;0;0;1;1;1;1;0;0;217,00411764705885;0;0;9,448009049773757
PowLatec;20/02/2022, 15:00:00;1997,8324649298597;0;0;1997,8324649298597;0;0;0;0;1;1;1;1;0;0;218,00358717434872;0;0;9,589519038076153
PowLatec;20/02/2022, 16:00:00;2027,7284114052954;0;0;2027,7284114052954;0;0;0;0;1;1;1;1;0;0;218,4355600814664;0;0;9,615234215885947
PowLatec;20/02/2022, 17:00:00;1970,9487525987527;0;0;1970,9487525987527;0;0;0;0;1;1;1;1;0;0;219,8843866943867;0;0;9,311621621621622
PowLatec;20/02/2022, 18:00:00;1859,826751152074;0;0;1859,826751152074;0;0;0;0;1;1;1;1;0;0;219,43986175115205;0;0;8,81221198156682
PowLatec;20/02/2022, 19:00:00;1804,4840364583333;0;0;1804,4840364583333;0;0;0;0;1;1;1;1;0;0;219,87682291666667;0;0;8,609218749999998
PowLatec;20/02/2022, 20:00:00;1767,1954591836734;0;0;1767,1954591836734;0;0;0;0;1;1;1;1;0;0;219,92701530612246;0;0;8,360586734693877
PowLatec;20/02/2022, 21:00:00;1602,3965970149254;0;0;1602,3965970149254;0;0;0;0;1;1;1;1;0;0;220,04014925373133;0;0;7,6794925373134335
PowLatec;20/02/2022, 22:00:00;1719,9472727272728;0;0;1719,9472727272728;0;0;0;0;1;1;1;1;0;0;219,96071253071253;0;0;8,132260442260442
PowLatec;20/02/2022, 23:00:00;1610,8986666666667;0;0;1610,8986666666667;0;0;0;0;1;1;1;1;0;0;220,4740579710145;0;0;7,635710144927537
PowLatec;21/02/2022, 0:00:00;1646,9194021739133;0;0;1646,9194021739133;0;0;0;0;1;1;1;1;0;0;218,3480706521739;0;0;7,847065217391304
PowLatec;21/02/2022, 1:00:00;1660,451723163842;0;0;1660,451723163842;0;0;0;0;1;1;1;1;0;0;217,41225988700566;0;0;7,955395480225989
PowLatec;21/02/2022, 2:00:00;1506,2951890034365;0;0;1506,2951890034365;0;0;0;0;1;1;1;1;0;0;217,98965635738833;0;0;7,200927835051545
PowLatec;21/02/2022, 3:00:00;1472,5062469733657;0;0;1472,5062469733657;0;0;0;0;1;1;1;1;0;0;218,56537530266343;0;0;7,043510895883776
PowLatec;21/02/2022, 4:00:00;1277,3736795252225;0;0;1277,3736795252225;0;0;0;0;1;1;1;1;0;0;219,14899109792282;0;0;6,070445103857566
PowLatec;21/02/2022, 5:00:00;1313,5237673130193;0;0;1313,5237673130193;0;0;0;0;1;1;1;1;0;0;219,50853185595568;0;0;6,243961218836565
PowLatec;21/02/2022, 6:00:00;1419,624030612245;0;0;1419,624030612245;0;0;0;0;1;1;1;1;0;0;218,71721938775508;0;0;6,72686224489796
PowLatec;21/02/2022, 7:00:00;1413,4265159574468;0;0;1413,4265159574468;0;0;0;0;1;1;1;1;0;0;217,37053191489363;0;0;6,710691489361703
PowLatec;21/02/2022, 8:00:00;1366,5118028169013;0;0;1366,5118028169013;0;0;0;0;1;1;1;1;0;0;217,70498591549293;0;0;6,558647887323943
PowLatec;21/02/2022, 9:00:00;1567,6443980343981;0;0;1567,6443980343981;0;0;0;0;1;1;1;1;0;0;216,83046683046683;0;0;7,603955773955774
PowLatec;21/02/2022, 10:00:00;1724,0609523809524;0;0;1724,0609523809524;0;0;0;0;1;1;1;1;0;0;215,38551020408164;0;0;8,405170068027212
PowLatec;21/02/2022, 11:00:00;1796,0066515837102;0;0;1796,0066515837102;0;0;0;0;1;1;1;1;0;0;216,3274660633484;0;0;8,64475113122172
PowLatec;21/02/2022, 12:00:00;159,17790697674417;0;0;159,17790697674417;0;0;0;0;1;1;1;1;0;0;219,8113953488372;0;0;0,7465116279069768
PowLatec;21/02/2022, 13:00:00;39,48;0;0;39,48;0;0;0;0;1;1;1;1;0;0;219,97;0;0;0,17
PowLatec;21/02/2022, 14:00:00;39,48;0;0;39,48;0;0;0;0;1;1;1;1;0;0;219,97;0;0;0,17
PowLatec;21/02/2022, 15:00:00;39,48;0;0;39,48;0;0;0;0;1;1;1;1;0;0;219,97;0;0;0,17
PowLatec;21/02/2022, 16:00:00;39,48;0;0;39,48;0;0;0;0;1;1;1;1;0;0;219,97;0;0;0,17
PowLatec;21/02/2022, 17:00:00;39,48;0;0;39,48;0;0;0;0;1;1;1;1;0;0;219,97;0;0;0,17
PowLatec;21/02/2022, 18:00:00;39,48;0;0;39,48;0;0;0;0;1;1;1;1;0;0;219,97;0;0;0,17
PowLatec;21/02/2022, 19:00:00;39,48;0;0;39,48;0;0;0;0;1;1;1;1;0;0;219,97;0;0;0,17
PowLatec;21/02/2022, 20:00:00;39,48;0;0;39,48;0;0;0;0;1;1;1;1;0;0;219,97;0;0;0,17
PowLatec;21/02/2022, 21:00:00;39,48;0;0;39,48;0;0;0;0;1;1;1;1;0;0;219,97;0;0;0,17
PowLatec;21/02/2022, 22:00:00;39,48;0;0;39,48;0;0;0;0;1;1;1;1;0;0;219,97;0;0;0,17
PowLatec;21/02/2022, 23:00:00;39,48;0;0;39,48;0;0;0;0;1;1;1;1;0;0;219,97;0;0;0,17
PowLatec;22/02/2022, 0:00:00;39,48;0;0;39,48;0;0;0;0;1;1;1;1;0;0;219,97;0;0;0,17
PowLatec;22/02/2022, 1:00:00;39,48;0;0;39,48;0;0;0;0;1;1;1;1;0;0;219,97;0;0;0,17
PowLatec;22/02/2022, 2:00:00;39,48;0;0;39,48;0;0;0;0;1;1;1;1;0;0;219,97;0;0;0,17
PowLatec;22/02/2022, 3:00:00;1456,7160382513664;0;0;1456,7160382513664;0;0;0;0;1;1;1;1;0;0;218,58248633879782;0;0;6,970245901639343
PowLatec;22/02/2022, 4:00:00;1469,0553731343284;0;0;1469,0553731343284;0;0;0;0;1;1;1;1;0;0;218,44305970149253;0;0;7,015099502487563
PowLatec;22/02/2022, 5:00:00;1345,4259312320917;0;0;1345,4259312320917;0;0;0;0;1;1;1;1;0;0;219,28097421203438;0;0;6,511690544412607
PowLatec;22/02/2022, 6:00:00;1320,653;0;0;1320,653;0;0;0;0;1;1;1;1;0;0;218,9608857142857;0;0;6,318028571428571
PowLatec;22/02/2022, 7:00:00;1334,3263532763533;0;0;1334,3263532763533;0;0;0;0;1;1;1;1;0;0;218,3173789173789;0;0;6,365185185185185
PowLatec;22/02/2022, 8:00:00;1310,3884135977337;0;0;1310,3884135977337;0;0;0;0;1;1;1;1;0;0;218,8745042492918;0;0;6,245240793201132
PowLatec;22/02/2022, 9:00:00;1327,9039142857143;0;0;1327,9039142857143;0;0;0;0;1;1;1;1;0;0;218,68731428571428;0;0;6,366371428571429
PowLatec;22/02/2022, 10:00:00;1532,6006896551723;0;0;1532,6006896551723;0;0;0;0;1;1;1;1;0;0;217,99312807881776;0;0;7,298004926108375
PowLatec;22/02/2022, 11:00:00;1513,5298408488063;0;0;1513,5298408488063;0;0;0;0;1;1;1;1;0;0;218,62413793103448;0;0;7,244509283819628
PowLatec;22/02/2022, 12:00:00;1599,9270572916666;0;0;1599,9270572916666;0;0;0;0;1;1;1;1;0;0;218,50505208333334;0;0;7,681953125
PowLatec;22/02/2022, 13:00:00;1819,6543064182194;0;0;1819,6543064182194;0;0;0;0;1;1;1;1;0;0;217,03991718426502;0;0;8,640579710144927
PowLatec;22/02/2022, 14:00:00;1905,0422828282826;0;0;1905,0422828282826;0;0;0;0;1;1;1;1;0;0;216,80470707070708;0;0;9,141535353535355
PowLatec;22/02/2022, 15:00:00;1972,4296923076924;0;0;1972,4296923076924;0;0;0;0;1;1;1;1;0;0;215,59636538461538;0;0;9,497057692307692
PowLatec;22/02/2022, 16:00:00;2027,9529505300354;0;0;2027,9529505300354;0;0;0;0;1;1;1;1;0;0;217,46097173144878;0;0;9,670335689045936
PowLatec;22/02/2022, 17:00:00;1948,410754716981;0;0;1948,410754716981;0;0;0;0;1;1;1;1;0;0;219,34022641509435;0;0;9,238037735849057
PowLatec;22/02/2022, 18:00:00;1745,0186767895877;0;0;1745,0186767895877;0;0;0;0;1;1;1;1;0;0;219,01880694143168;0;0;8,329023861171367
PowLatec;22/02/2022, 19:00:00;1656,1759808612442;0;0;1656,1759808612442;0;0;0;0;1;1;1;1;0;0;219,13782296650717;0;0;7,875311004784689
PowLatec;22/02/2022, 20:00:00;1654,2546778042959;0;0;1654,2546778042959;0;0;0;0;1;1;1;1;0;0;219,79219570405726;0;0;7,892673031026252
PowLatec;22/02/2022, 21:00:00;1553,7900783289817;0;0;1553,7900783289817;0;0;0;0;1;1;1;1;0;0;219,63882506527415;0;0;7,540391644908617
PowLatec;22/02/2022, 22:00:00;1486,0093650793651;0;0;1486,0093650793651;0;0;0;0;1;1;1;1;0;0;220,4767724867725;0;0;7,01531746031746
PowLatec;22/02/2022, 23:00:00;1470,2224611398963;0;0;1470,2224611398963;0;0;0;0;1;1;1;1;0;0;221,3120725388601;0;0;6,951165803108808
PowLatec;23/02/2022, 0:00:00;1492,017055702918;0;0;1492,017055702918;0;0;0;0;1;1;1;1;0;0;218,6373474801061;0;0;7,1503183023872685
PowLatec;23/02/2022, 1:00:00;1458,408717948718;0;0;1458,408717948718;0;0;0;0;1;1;1;1;0;0;218,45748717948717;0;0;6,947102564102564
PowLatec;23/02/2022, 2:00:00;1251,8906079027356;0;0;1251,8906079027356;0;0;0;0;1;1;1;1;0;0;218,8429179331307;0;0;5,958662613981764
PowLatec;23/02/2022, 3:00:00;1382,034931880109;0;0;1382,034931880109;0;0;0;0;1;1;1;1;0;0;219,15771117166213;0;0;6,618610354223432
PowLatec;23/02/2022, 4:00:00;1320,8104545454546;0;0;1320,8104545454546;0;0;0;0;1;1;1;1;0;0;217,68545454545455;0;0;6,311079545454546
PowLatec;23/02/2022, 5:00:00;1280,1870487106019;0;0;1280,1870487106019;0;0;0;0;1;1;1;1;0;0;219,539770773639;0;0;6,144154727793696
PowLatec;23/02/2022, 6:00:00;1316,9031638418078;0;0;1316,9031638418078;0;0;0;0;1;1;1;1;0;0;219,32454802259886;0;0;6,224519774011299
PowLatec;23/02/2022, 7:00:00;1340,089696969697;0;0;1340,089696969697;0;0;0;0;1;1;1;1;0;0;217,79011019283746;0;0;6,4495316804407725
PowLatec;23/02/2022, 8:00:00;1540,0645098039215;0;0;1540,0645098039215;0;0;0;0;1;1;1;1;0;0;216,75598039215686;0;0;7,367867647058824
PowLatec;23/02/2022, 9:00:00;1570,1442688679244;0;0;1570,1442688679244;0;0;0;0;1;1;1;1;0;0;217,08992924528303;0;0;7,509363207547169
PowLatec;23/02/2022, 10:00:00;1632,7581927710844;0;0;1632,7581927710844;0;0;0;0;1;1;1;1;0;0;217,389421686747;0;0;7,840722891566266
PowLatec;23/02/2022, 11:00:00;1825,232799145299;0;0;1825,232799145299;0;0;0;0;1;1;1;1;0;0;218,19745726495728;0;0;8,735576923076923
PowLatec;23/02/2022, 12:00:00;1874,6154747474748;0;0;1874,6154747474748;0;0;0;0;1;1;1;1;0;0;218,1921212121212;0;0;8,964989898989899
PowLatec;23/02/2022, 13:00:00;1712,8013544018058;0;0;1712,8013544018058;0;0;0;0;1;1;1;1;0;0;217,3083521444695;0;0;8,19568848758465
PowLatec;23/02/2022, 14:00:00;1990,2299817850637;0;0;1990,2299817850637;0;0;0;0;1;1;1;1;0;0;216,65444444444447;0;0;9,609417122040073
PowLatec;23/02/2022, 15:00:00;1950,920018214936;0;0;1950,920018214936;0;0;0;0;1;1;1;1;0;0;217,57511839708562;0;0;9,272896174863387
PowLatec;23/02/2022, 16:00:00;1893,6324714828895;0;0;1893,6324714828895;0;0;0;0;1;1;1;1;0;0;219,0767680608365;0;0;8,956634980988593
PowLatec;23/02/2022, 17:00:00;1800,8231360946745;0;0;1800,8231360946745;0;0;0;0;1;1;1;1;0;0;221,43272189349113;0;0;8,527061143984222
PowLatec;23/02/2022, 18:00:00;1679,8686026200876;0;0;1679,8686026200876;0;0;0;0;1;1;1;1;0;0;221,2084061135371;0;0;7,916004366812227
PowLatec;23/02/2022, 19:00:00;1624,7308388520973;0;0;1624,7308388520973;0;0;0;0;1;1;1;1;0;0;222,07300220750554;0;0;7,678101545253862
PowLatec;23/02/2022, 20:00:00;1648,1247544642858;0;0;1648,1247544642858;0;0;0;0;1;1;1;1;0;0;221,43017857142857;0;0;7,780647321428572
PowLatec;23/02/2022, 21:00:00;1443,9954308093995;0;0;1443,9954308093995;0;0;0;0;1;1;1;1;0;0;220,9704960835509;0;0;6,769164490861619
PowLatec;23/02/2022, 22:00:00;1607,108322580645;0;0;1607,108322580645;0;0;0;0;1;1;1;1;0;0;220,93817204301075;0;0;7,542623655913978
PowLatec;23/02/2022, 23:00:00;1475,8213827160494;0;0;1475,8213827160494;0;0;0;0;1;1;1;1;0;0;221,8001975308642;0;0;6,976543209876543
PowLatec;24/02/2022, 0:00:00;1526,2605637254903;0;0;1526,2605637254903;0;0;0;0;1;1;1;1;0;0;215,6573039215686;0;0;7,373259803921568
PowLatec;24/02/2022, 1:00:00;1486,2130825242718;0;0;1486,2130825242718;0;0;0;0;1;1;1;1;0;0;215,99233009708738;0;0;7,166310679611651
PowLatec;24/02/2022, 2:00:00;1335,1783573487032;0;0;1335,1783573487032;0;0;0;0;1;1;1;1;0;0;216,05253602305476;0;0;6,426224783861672
PowLatec;24/02/2022, 3:00:00;1535,8203217821783;0;0;1535,8203217821783;0;0;0;0;1;1;1;1;0;0;215,25226130653266;0;0;7,365100502512563
PowLatec;24/02/2022, 4:00:00;1353,752831858407;0;0;1353,752831858407;0;0;0;0;1;1;1;1;0;0;215,84218289085547;0;0;6,501533923303836
PowLatec;24/02/2022, 5:00:00;1461,4564532019706;0;0;1461,4564532019706;0;0;0;0;1;1;1;1;0;0;217,02687192118228;0;0;6,9818719211822655
PowLatec;24/02/2022, 6:00:00;1350,1906741573034;0;0;1350,1906741573034;0;0;0;0;1;1;1;1;0;0;217,02873595505616;0;0;6,463146067415731
PowLatec;24/02/2022, 7:00:00;1355,2875213675215;0;0;1355,2875213675215;0;0;0;0;1;1;1;1;0;0;218,0499715099715;0;0;6,483076923076923
PowLatec;24/02/2022, 8:00:00;1336,1077325581396;0;0;1336,1077325581396;0;0;0;0;1;1;1;1;0;0;217,3883430232558;0;0;6,470784883720929
PowLatec;24/02/2022, 9:00:00;1592,0633414043582;0;0;1592,0633414043582;0;0;0;0;1;1;1;1;0;0;216,66479418886198;0;0;7,659007263922518
PowLatec;24/02/2022, 10:00:00;1738,1548245614038;0;0;1738,1548245614038;0;0;0;0;1;1;1;1;0;0;216,0143201754386;0;0;8,374912280701755
PowLatec;24/02/2022, 11:00:00;1792,354875846501;0;0;1792,354875846501;0;0;0;0;1;1;1;1;0;0;217,26356659142212;0;0;8,588374717832956
PowLatec;24/02/2022, 12:00:00;1949,8531071428572;0;0;1949,8531071428572;0;0;0;0;1;1;1;1;0;0;218,9862857142857;0;0;9,259946428571428
PowLatec;24/02/2022, 13:00:00;2026,716785046729;0;0;2026,716785046729;0;0;0;0;1;1;1;1;0;0;218,44093457943924;0;0;9,599102803738319
PowLatec;24/02/2022, 14:00:00;2171,2682240000004;0;0;2171,2682240000004;0;0;0;0;1;1;1;1;0;0;217,52592;0;0;10,388512
PowLatec;24/02/2022, 15:00:00;2157,7059711075444;0;0;2157,7059711075444;0;0;0;0;1;1;1;1;0;0;218,23412520064207;0;0;10,302327447833067
PowLatec;24/02/2022, 16:00:00;2145,5098621745788;0;0;2145,5098621745788;0;0;0;0;1;1;1;1;0;0;219,1774272588055;0;0;10,188728943338438
PowLatec;24/02/2022, 17:00:00;2015,6209324758843;0;0;2015,6209324758843;0;0;0;0;1;1;1;1;0;0;220,65900321543407;0;0;9,535209003215435
PowLatec;24/02/2022, 18:00:00;1923,493391608392;0;0;1923,493391608392;0;0;0;0;1;1;1;1;0;0;220,80952797202798;0;0;9,133811188811189
PowLatec;24/02/2022, 19:00:00;1819,9351209677418;0;0;1819,9351209677418;0;0;0;0;1;1;1;1;0;0;220,50274193548387;0;0;8,646350806451613
PowLatec;24/02/2022, 20:00:00;1702,6986455981942;0;0;1702,6986455981942;0;0;0;0;1;1;1;1;0;0;219,3112415349887;0;0;8,078329571106096
PowLatec;24/02/2022, 21:00:00;1663,3585101580136;0;0;1663,3585101580136;0;0;0;0;1;1;1;1;0;0;220,50331828442438;0;0;7,866817155756208
PowLatec;24/02/2022, 22:00:00;1627,977816091954;0;0;1627,977816091954;0;0;0;0;1;1;1;1;0;0;221,55496551724138;0;0;7,7188045977011495
PowLatec;24/02/2022, 23:00:00;1615,8433179723502;0;0;1615,8433179723502;0;0;0;0;1;1;1;1;0;0;220,7983870967742;0;0;7,7380184331797235
PowLatec;25/02/2022, 0:00:00;1534,84650990099;0;0;1534,84650990099;0;0;0;0;1;1;1;1;0;0;216,23945544554454;0;0;7,388217821782178
PowLatec;25/02/2022, 1:00:00;1501,779922077922;0;0;1501,779922077922;0;0;0;0;1;1;1;1;0;0;216,64322077922077;0;0;7,19509090909091
PowLatec;25/02/2022, 2:00:00;1493,1857289002558;0;0;1493,1857289002558;0;0;0;0;1;1;1;1;0;0;216,8443734015345;0;0;7,131611253196931
PowLatec;25/02/2022, 3:00:00;1517,924385964912;0;0;1517,924385964912;0;0;0;0;1;1;1;1;0;0;216,93263157894737;0;0;7,303859649122806
PowLatec;25/02/2022, 4:00:00;1480,620888324873;0;0;1480,620888324873;0;0;0;0;1;1;1;1;0;0;217,00611675126905;0;0;7,060406091370558
PowLatec;25/02/2022, 5:00:00;1358,2501791044776;0;0;1358,2501791044776;0;0;0;0;1;1;1;1;0;0;217,84316417910446;0;0;6,501641791044777
PowLatec;25/02/2022, 6:00:00;1469,830226130653;0;0;1469,830226130653;0;0;0;0;1;1;1;1;0;0;217,1201256281407;0;0;7,047613065326633
PowLatec;25/02/2022, 7:00:00;1322,5673374613002;0;0;1322,5673374613002;0;0;0;0;1;1;1;1;0;0;218,500866873065;0;0;6,293777089783282
PowLatec;25/02/2022, 8:00:00;1548,1715736040608;0;0;1548,1715736040608;0;0;0;0;1;1;1;1;0;0;219,75616751269033;0;0;7,4163197969543155
PowLatec;25/02/2022, 9:00:00;1545,5277835051547;0;0;1545,5277835051547;0;0;0;0;1;1;1;1;0;0;221,08319587628867;0;0;7,335773195876289
PowLatec;25/02/2022, 10:00:00;1746,9258595641647;0;0;1746,9258595641647;0;0;0;0;1;1;1;1;0;0;220,36740920096852;0;0;8,280702179176757
PowLatec;25/02/2022, 11:00:00;1900,7280753138075;0;0;1900,7280753138075;0;0;0;0;1;1;1;1;0;0;220,63244769874476;0;0;8,939748953974895
PowLatec;25/02/2022, 12:00:00;1967,7429423459243;0;0;1967,7429423459243;0;0;0;0;1;1;1;1;0;0;219,8317097415507;0;0;9,299125248508947
PowLatec;25/02/2022, 13:00:00;2093,945851602024;0;0;2093,945851602024;0;0;0;0;1;1;1;1;0;0;217,78851602023607;0;0;10,032242833052276
PowLatec;25/02/2022, 14:00:00;2178,7740412044373;0;0;2178,7740412044373;0;0;0;0;1;1;1;1;0;0;216,86578446909667;0;0;10,470903328050712
PowLatec;25/02/2022, 15:00:00;2275,576712749616;0;0;2275,576712749616;0;0;0;0;1;1;1;1;0;0;218,1706451612903;0;0;10,842995391705069
PowLatec;25/02/2022, 16:00:00;2204,2648248407645;0;0;2204,2648248407645;0;0;0;0;1;1;1;1;0;0;220,1324363057325;0;0;10,420398089171975
PowLatec;25/02/2022, 17:00:00;2044,639912739965;0;0;2044,639912739965;0;0;0;0;1;1;1;1;0;0;220,98849912739965;0;0;9,654275741710297
PowLatec;25/02/2022, 18:00:00;1953,9229881154497;0;0;1953,9229881154497;0;0;0;0;1;1;1;1;0;0;219,32915110356535;0;0;9,287945670628185
PowLatec;25/02/2022, 19:00:00;1861,3089552238805;0;0;1861,3089552238805;0;0;0;0;1;1;1;1;0;0;220,34059701492538;0;0;8,877444029850745
PowLatec;25/02/2022, 20:00:00;1675,5496098562626;0;0;1675,5496098562626;0;0;0;0;1;1;1;1;0;0;220,1717248459959;0;0;7,959815195071868
PowLatec;25/02/2022, 21:00:00;1732,9694455445547;0;0;1732,9694455445547;0;0;0;0;1;1;1;1;0;0;219,83013861386138;0;0;8,298514851485148
PowLatec;25/02/2022, 22:00:00;1620,9771460176992;0;0;1620,9771460176992;0;0;0;0;1;1;1;1;0;0;219,47730088495575;0;0;7,7058849557522135
PowLatec;25/02/2022, 23:00:00;1639,388954248366;0;0;1639,388954248366;0;0;0;0;1;1;1;1;0;0;219,7925708061002;0;0;7,868082788671025
PowLatec;26/02/2022, 0:00:00;1605,6195642701525;0;0;1605,6195642701525;0;0;0;0;1;1;1;1;0;0;217,33008714596951;0;0;7,704749455337691
PowLatec;26/02/2022, 1:00:00;1647,860277185501;0;0;1647,860277185501;0;0;0;0;1;1;1;1;0;0;218,09100213219614;0;0;7,857228144989339
PowLatec;26/02/2022, 2:00:00;1521,4089111111111;0;0;1521,4089111111111;0;0;0;0;1;1;1;1;0;0;217,0171111111111;0;0;7,352955555555555
PowLatec;26/02/2022, 3:00:00;1457,1081748071979;0;0;1457,1081748071979;0;0;0;0;1;1;1;1;0;0;217,85213367609256;0;0;7,0021079691516706
PowLatec;26/02/2022, 4:00:00;1538,7371590909092;0;0;1538,7371590909092;0;0;0;0;1;1;1;1;0;0;217,5845;0;0;7,444295454545455
PowLatec;26/02/2022, 5:00:00;1450,0553018372705;0;0;1450,0553018372705;0;0;0;0;1;1;1;1;0;0;218,98377952755908;0;0;6,906167979002625
PowLatec;26/02/2022, 6:00:00;1436,9514432989688;0;0;1436,9514432989688;0;0;0;0;1;1;1;1;0;0;218,78847938144327;0;0;6,861340206185567
PowLatec;26/02/2022, 7:00:00;1474,8511793611792;0;0;1474,8511793611792;0;0;0;0;1;1;1;1;0;0;218,44184275184276;0;0;6,998501228501228
PowLatec;26/02/2022, 8:00:00;1505,802985074627;0;0;1505,802985074627;0;0;0;0;1;1;1;1;0;0;218,93492537313432;0;0;7,186940298507463
PowLatec;26/02/2022, 9:00:00;1557,6924096385542;0;0;1557,6924096385542;0;0;0;0;1;1;1;1;0;0;220,4824096385542;0;0;7,38633734939759
PowLatec;26/02/2022, 10:00:00;1645,1563317757011;0;0;1645,1563317757011;0;0;0;0;1;1;1;1;0;0;221,18266355140184;0;0;7,809415887850468
PowLatec;26/02/2022, 11:00:00;1690,1906683168318;0;0;1690,1906683168318;0;0;0;0;1;1;1;1;0;0;221,83799504950497;0;0;7,941559405940594
PowLatec;26/02/2022, 12:00:00;1934,3166221374047;0;0;1934,3166221374047;0;0;0;0;1;1;1;1;0;0;220,90914122137406;0;0;9,133091603053435
PowLatec;26/02/2022, 13:00:00;2050,7180445969125;0;0;2050,7180445969125;0;0;0;0;1;1;1;1;0;0;219,37907375643223;0;0;9,726123499142368
PowLatec;26/02/2022, 14:00:00;2222,7827172195894;0;0;2222,7827172195894;0;0;0;0;1;1;1;1;0;0;217,99126382306477;0;0;10,623096366508689
PowLatec;26/02/2022, 15:00:00;2254,31531107739;0;0;2254,31531107739;0;0;0;0;1;1;1;1;0;0;217,99374810318665;0;0;10,744522003034902
PowLatec;26/02/2022, 16:00:00;2174,290772797527;0;0;2174,290772797527;0;0;0;0;1;1;1;1;0;0;218,43106646058732;0;0;10,359984544049459
PowLatec;26/02/2022, 17:00:00;2024,6488632619437;0;0;2024,6488632619437;0;0;0;0;1;1;1;1;0;0;220,32970345963756;0;0;9,588566721581548
PowLatec;26/02/2022, 18:00:00;1946,457702265372;0;0;1946,457702265372;0;0;0;0;1;1;1;1;0;0;219,5823624595469;0;0;9,261601941747573
PowLatec;26/02/2022, 19:00:00;1833,3348066298342;0;0;1833,3348066298342;0;0;0;0;1;1;1;1;0;0;219,28232044198896;0;0;8,70121546961326
PowLatec;26/02/2022, 20:00:00;1707,3564837398371;0;0;1707,3564837398371;0;0;0;0;1;1;1;1;0;0;219,91138211382113;0;0;8,108760162601625
PowLatec;26/02/2022, 21:00:00;1763,8055795677801;0;0;1763,8055795677801;0;0;0;0;1;1;1;1;0;0;220,3085854616896;0;0;8,366601178781925
PowLatec;26/02/2022, 22:00:00;1609,5038876404494;0;0;1609,5038876404494;0;0;0;0;1;1;1;1;0;0;219,15173033707867;0;0;7,6716629213483145
PowLatec;26/02/2022, 23:00:00;1607,396821192053;0;0;1607,396821192053;0;0;0;0;1;1;1;1;0;0;217,91452538631347;0;0;7,739293598233996
PowLatec;27/02/2022, 0:00:00;1681,0614470842331;0;0;1681,0614470842331;0;0;0;0;1;1;1;1;0;0;218,23127429805615;0;0;7,964341252699784
PowLatec;27/02/2022, 1:00:00;1503,6160559796438;0;0;1503,6160559796438;0;0;0;0;1;1;1;1;0;0;217,05017811704835;0;0;7,189923664122137
PowLatec;27/02/2022, 2:00:00;1580,3110817307693;0;0;1580,3110817307693;0;0;0;0;1;1;1;1;0;0;217,22927884615385;0;0;7,534639423076923
PowLatec;27/02/2022, 3:00:00;1499,2567091836731;0;0;1499,2567091836731;0;0;0;0;1;1;1;1;0;0;218,69117346938776;0;0;7,094030612244898
PowLatec;27/02/2022, 4:00:00;1483,452109375;0;0;1483,452109375;0;0;0;0;1;1;1;1;0;0;218,56091145833332;0;0;7,092942708333333
PowLatec;27/02/2022, 5:00:00;1436,7322997416022;0;0;1436,7322997416022;0;0;0;0;1;1;1;1;0;0;219,31005167958654;0;0;6,824806201550387
PowLatec;27/02/2022, 6:00:00;1349,4474277456648;0;0;1349,4474277456648;0;0;0;0;1;1;1;1;0;0;219,99635838150286;0;0;6,3769364161849715
PowLatec;27/02/2022, 7:00:00;1549,0280198019805;0;0;1549,0280198019805;0;0;0;0;1;1;1;1;0;0;218,78279702970298;0;0;7,385816831683168
PowLatec;27/02/2022, 8:00:00;1546,976010230179;0;0;1546,976010230179;0;0;0;0;1;1;1;1;0;0;220,66028132992327;0;0;7,3088235294117645
PowLatec;27/02/2022, 9:00:00;1605,4684615384617;0;0;1605,4684615384617;0;0;0;0;1;1;1;1;0;0;221,67014888337468;0;0;7,562009925558313
PowLatec;27/02/2022, 10:00:00;1703,670099009901;0;0;1703,670099009901;0;0;0;0;1;1;1;1;0;0;221,77034653465347;0;0;8,021856435643564
PowLatec;27/02/2022, 11:00:00;1879,7389026915112;0;0;1879,7389026915112;0;0;0;0;1;1;1;1;0;0;220,55797101449275;0;0;8,897391304347828
PowLatec;27/02/2022, 12:00:00;1941,6295833333334;0;0;1941,6295833333334;0;0;0;0;1;1;1;1;0;0;220,28212301587303;0;0;9,18609126984127
PowLatec;27/02/2022, 13:00:00;2063,430813743219;0;0;2063,430813743219;0;0;0;0;1;1;1;1;0;0;219,6633815551537;0;0;9,751862567811935
PowLatec;27/02/2022, 14:00:00;2079,113727598566;0;0;2079,113727598566;0;0;0;0;1;1;1;1;0;0;218,88111111111112;0;0;9,886021505376343
PowLatec;27/02/2022, 15:00:00;1996,8491263940523;0;0;1996,8491263940523;0;0;0;0;1;1;1;1;0;0;218,79566914498142;0;0;9,524702602230484
PowLatec;27/02/2022, 16:00:00;1801,58989154013;0;0;1801,58989154013;0;0;0;0;1;1;1;1;0;0;220,28375271149673;0;0;8,47459869848156
PowLatec;27/02/2022, 17:00:00;1907,332423146474;0;0;1907,332423146474;0;0;0;0;1;1;1;1;0;0;221,2805967450271;0;0;9,026329113924051
PowLatec;27/02/2022, 18:00:00;1773,6448958333335;0;0;1773,6448958333335;0;0;0;0;1;1;1;1;0;0;220,7725625;0;0;8,356395833333334
PowLatec;27/02/2022, 19:00:00;1689,3067734553774;0;0;1689,3067734553774;0;0;0;0;1;1;1;1;0;0;222,62778032036613;0;0;7,92558352402746
PowLatec;27/02/2022, 20:00:00;1652,8529055690074;0;0;1652,8529055690074;0;0;0;0;1;1;1;1;0;0;221,9142130750605;0;0;7,830072639225182
PowLatec;27/02/2022, 21:00:00;1595,5203448275863;0;0;1595,5203448275863;0;0;0;0;1;1;1;1;0;0;221,77839901477833;0;0;7,505935960591133
PowLatec;27/02/2022, 22:00:00;1512,7859840425533;0;0;1512,7859840425533;0;0;0;0;1;1;1;1;0;0;219,4745478723404;0;0;7,219175531914893
PowLatec;27/02/2022, 23:00:00;1600,657609195402;0;0;1600,657609195402;0;0;0;0;1;1;1;1;0;0;218,3369655172414;0;0;7,660413793103448
PowLatec;28/02/2022, 0:00:00;1584,4766270783846;0;0;1584,4766270783846;0;0;0;0;1;1;1;1;0;0;218,39524940617576;0;0;7,507149643705464
PowLatec;28/02/2022, 1:00:00;1513,1253141361256;0;0;1513,1253141361256;0;0;0;0;1;1;1;1;0;0;217,79206806282724;0;0;7,208298429319371
PowLatec;28/02/2022, 2:00:00;1533,5747668393785;0;0;1533,5747668393785;0;0;0;0;1;1;1;1;0;0;218,27844559585492;0;0;7,263626943005182
PowLatec;28/02/2022, 3:00:00;1501,424411764706;0;0;1501,424411764706;0;0;0;0;1;1;1;1;0;0;218,97801470588234;0;0;7,2134068627450985
PowLatec;28/02/2022, 4:00:00;1429,06786259542;0;0;1429,06786259542;0;0;0;0;1;1;1;1;0;0;217,9994910941476;0;0;6,916361323155217
PowLatec;28/02/2022, 5:00:00;1415,4592612137205;0;0;1415,4592612137205;0;0;0;0;1;1;1;1;0;0;219,69068601583115;0;0;6,733825857519789
PowLatec;28/02/2022, 6:00:00;1420,7334643734644;0;0;1420,7334643734644;0;0;0;0;1;1;1;1;0;0;219,45825552825556;0;0;6,8393120393120395
PowLatec;28/02/2022, 7:00:00;1410,8956847545219;0;0;1410,8956847545219;0;0;0;0;1;1;1;1;0;0;218,97516795865633;0;0;6,7195348837209306
PowLatec;28/02/2022, 8:00:00;1544,9736515513125;0;0;1544,9736515513125;0;0;0;0;1;1;1;1;0;0;219,26737470167063;0;0;7,393150357995227
PowLatec;28/02/2022, 9:00:00;1497,8659898477158;0;0;1497,8659898477158;0;0;0;0;1;1;1;1;0;0;219,42401015228427;0;0;7,1180456852791885
PowLatec;28/02/2022, 10:00:00;1608,5852216748767;0;0;1608,5852216748767;0;0;0;0;1;1;1;1;0;0;219,63495073891627;0;0;7,711724137931035
PowLatec;28/02/2022, 11:00:00;1831,6493933054392;0;0;1831,6493933054392;0;0;0;0;1;1;1;1;0;0;220,25953974895398;0;0;8,66255230125523
PowLatec;28/02/2022, 12:00:00;1724,4190227272727;0;0;1724,4190227272727;0;0;0;0;1;1;1;1;0;0;221,1379318181818;0;0;8,233636363636364
PowLatec;28/02/2022, 13:00:00;1904,5513306451612;0;0;1904,5513306451612;0;0;0;0;1;1;1;1;0;0;219,80586693548386;0;0;9,021935483870967
PowLatec;28/02/2022, 14:00:00;1878,6118548387096;0;0;1878,6118548387096;0;0;0;0;1;1;1;1;0;0;220,47145161290322;0;0;8,870080645161291
PowLatec;28/02/2022, 15:00:00;1878,2980321285138;0;0;1878,2980321285138;0;0;0;0;1;1;1;1;0;0;218,99164658634538;0;0;8,893734939759035
PowLatec;28/02/2022, 16:00:00;1936,6975468164794;0;0;1936,6975468164794;0;0;0;0;1;1;1;1;0;0;219,01337078651684;0;0;9,207209737827714
PowLatec;28/02/2022, 17:00:00;1820,8035657370517;0;0;1820,8035657370517;0;0;0;0;1;1;1;1;0;0;222,59934262948207;0;0;8,545059760956175
PowLatec;28/02/2022, 18:00:00;1777,6082205029013;0;0;1777,6082205029013;0;0;0;0;1;1;1;1;0;0;219,65882011605416;0;0;8,428742746615086
PowLatec;28/02/2022, 19:00:00;1728,469365079365;0;0;1728,469365079365;0;0;0;0;1;1;1;1;0;0;221,13559523809522;0;0;8,249821428571428
PowLatec;28/02/2022, 20:00:00;1646,816288209607;0;0;1646,816288209607;0;0;0;0;1;1;1;1;0;0;220,23733624454147;0;0;7,878187772925764
PowLatec;28/02/2022, 21:00:00;1596,6295404814002;0;0;1596,6295404814002;0;0;0;0;1;1;1;1;0;0;220,8249452954048;0;0;7,606192560175055
PowLatec;28/02/2022, 22:00:00;1632,1722174840086;0;0;1632,1722174840086;0;0;0;0;1;1;1;1;0;0;221,32750533049042;0;0;7,753326226012793
PowLatec;28/02/2022, 23:00:00;1540,718726851852;0;0;1540,718726851852;0;0;0;0;1;1;1;1;0;0;221,00743055555554;0;0;7,244699074074074
PowLatec;01/03/2022, 0:00:00;1425,2215384615386;0;0;1425,2215384615386;0;0;0;0;1;1;1;1;0;0;218,6640446650124;0;0;6,785384615384616
PowLatec;01/03/2022, 1:00:00;1541,2363255813952;0;0;1541,2363255813952;0;0;0;0;1;1;1;1;0;0;217,94355813953487;0;0;7,390581395348836
PowLatec;01/03/2022, 2:00:00;1405,6465422885574;0;0;1405,6465422885574;0;0;0;0;1;1;1;1;0;0;219,08890547263684;0;0;6,705920398009949
PowLatec;01/03/2022, 3:00:00;1414,6373264781491;0;0;1414,6373264781491;0;0;0;0;1;1;1;1;0;0;218,8398971722365;0;0;6,711825192802057
PowLatec;01/03/2022, 4:00:00;1418,8651010101012;0;0;1418,8651010101012;0;0;0;0;1;1;1;1;0;0;218,97861111111112;0;0;6,718535353535353
PowLatec;01/03/2022, 5:00:00;1390,1923575129533;0;0;1390,1923575129533;0;0;0;0;1;1;1;1;0;0;219,27735751295336;0;0;6,593963730569948
PowLatec;01/03/2022, 6:00:00;1445,4284172661871;0;0;1445,4284172661871;0;0;0;0;1;1;1;1;0;0;216,85956834532374;0;0;6,956642685851319
PowLatec;01/03/2022, 7:00:00;1456,145038167939;0;0;1456,145038167939;0;0;0;0;1;1;1;1;0;0;218,88089058524173;0;0;6,927430025445292
PowLatec;01/03/2022, 8:00:00;1355,9803389830508;0;0;1355,9803389830508;0;0;0;0;1;1;1;1;0;0;219,38296610169493;0;0;6,442485875706215
PowLatec;01/03/2022, 9:00:00;1585,9702863961816;0;0;1585,9702863961816;0;0;0;0;1;1;1;1;0;0;221,78849642004775;0;0;7,4918854415274465
PowLatec;01/03/2022, 10:00:00;1761,9568546637747;0;0;1761,9568546637747;0;0;0;0;1;1;1;1;0;0;221,0175704989154;0;0;8,315032537960956
PowLatec;01/03/2022, 11:00:00;1825,9086710239653;0;0;1825,9086710239653;0;0;0;0;1;1;1;1;0;0;219,98392156862744;0;0;8,700806100217864
PowLatec;01/03/2022, 12:00:00;2032,4078519855595;0;0;2032,4078519855595;0;0;0;0;1;1;1;1;0;0;217,4921119133574;0;0;9,722815884476534
PowLatec;01/03/2022, 13:00:00;2167,530110935024;0;0;2167,530110935024;0;0;0;0;1;1;1;1;0;0;217,61928684627577;0;0;10,35445324881141
PowLatec;01/03/2022, 14:00:00;2283,3843582510576;0;0;2283,3843582510576;0;0;0;0;1;1;1;1;0;0;216,69716502115656;0;0;10,960535966149507
PowLatec;01/03/2022, 15:00:00;2264,799646017699;0;0;2264,799646017699;0;0;0;0;1;1;1;1;0;0;218,20501474926255;0;0;10,78843657817109
PowLatec;01/03/2022, 16:00:00;2185,9391703056767;0;0;2185,9391703056767;0;0;0;0;1;1;1;1;0;0;220,82272197962152;0;0;10,333435225618631
PowLatec;01/03/2022, 17:00:00;2053,1227699530514;0;0;2053,1227699530514;0;0;0;0;1;1;1;1;0;0;221,66508607198747;0;0;9,7037558685446
PowLatec;01/03/2022, 18:00:00;1961,6007258064515;0;0;1961,6007258064515;0;0;0;0;1;1;1;1;0;0;220,68341935483872;0;0;9,313112903225807
PowLatec;01/03/2022, 19:00:00;1924,3045768566496;0;0;1924,3045768566496;0;0;0;0;1;1;1;1;0;0;219,90986183074264;0;0;9,103937823834197
PowLatec;01/03/2022, 20:00:00;1771,5971227364184;0;0;1771,5971227364184;0;0;0;0;1;1;1;1;0;0;219,83229376257546;0;0;8,403581488933602
PowLatec;01/03/2022, 21:00:00;1606,4965603644646;0;0;1606,4965603644646;0;0;0;0;1;1;1;1;0;0;219,04674259681093;0;0;7,686833712984055
PowLatec;01/03/2022, 22:00:00;1683,5834095634095;0;0;1683,5834095634095;0;0;0;0;1;1;1;1;0;0;220,83698544698544;0;0;7,952370062370063
PowLatec;01/03/2022, 23:00:00;1562,1072831050228;0;0;1562,1072831050228;0;0;0;0;1;1;1;1;0;0;221,88947488584475;0;0;7,478470319634702
PowLatec;02/03/2022, 0:00:00;1553,3603381642513;0;0;1553,3603381642513;0;0;0;0;1;1;1;1;0;0;218,66910628019323;0;0;7,4353864734299515
PowLatec;02/03/2022, 1:00:00;1551,5864832535883;0;0;1551,5864832535883;0;0;0;0;1;1;1;1;0;0;218,13114832535888;0;0;7,422488038277511
PowLatec;02/03/2022, 2:00:00;1447,9896428571428;0;0;1447,9896428571428;0;0;0;0;1;1;1;1;0;0;218,47903061224488;0;0;6,983035714285714
PowLatec;02/03/2022, 3:00:00;1522,5669521410578;0;0;1522,5669521410578;0;0;0;0;1;1;1;1;0;0;218,23551637279596;0;0;7,297984886649875
PowLatec;02/03/2022, 4:00:00;1446,0008815427;0;0;1446,0008815427;0;0;0;0;1;1;1;1;0;0;217,7192837465565;0;0;6,887988980716254
PowLatec;02/03/2022, 5:00:00;1435,4929758713138;0;0;1435,4929758713138;0;0;0;0;1;1;1;1;0;0;218,2804289544236;0;0;6,869222520107238
PowLatec;02/03/2022, 6:00:00;1454,1806994818653;0;0;1454,1806994818653;0;0;0;0;1;1;1;1;0;0;218,0120207253886;0;0;6,93240932642487
PowLatec;02/03/2022, 7:00:00;1480,232030848329;0;0;1480,232030848329;0;0;0;0;1;1;1;1;0;0;218,7469151670951;0;0;7,10706940874036
PowLatec;02/03/2022, 8:00:00;1664,9736489607392;0;0;1664,9736489607392;0;0;0;0;1;1;1;1;0;0;217,88466512702078;0;0;7,951108545034642
PowLatec;02/03/2022, 9:00:00;146,34066225165563;0;0;146,34066225165563;0;0;0;0;1;1;1;1;0;0;220,99443708609274;0;0;0,7499999999999999
PowLatec;02/03/2022, 10:00:00;798,868281938326;0;0;798,868281938326;0;0;0;0;1;1;1;1;0;0;219,535154185022;0;0;3,7961674008810573
PowLatec;02/03/2022, 11:00:00;1375,358823529412;0;0;1375,358823529412;0;0;0;0;1;1;1;1;0;0;219,2479876160991;0;0;6,585015479876161
PowLatec;02/03/2022, 12:00:00;1656,6642144638404;0;0;1656,6642144638404;0;0;0;0;1;1;1;1;0;0;218,81319201995012;0;0;7,957032418952618
PowLatec;02/03/2022, 13:00:00;1766,9952357320099;0;0;1766,9952357320099;0;0;0;0;1;1;1;1;0;0;216,54307692307694;0;0;8,471538461538461
PowLatec;02/03/2022, 14:00:00;1887,5095485327313;0;0;1887,5095485327313;0;0;0;0;1;1;1;1;0;0;215,71932279909709;0;0;9,092821670428894
PowLatec;02/03/2022, 15:00:00;1961,3569198312234;0;0;1961,3569198312234;0;0;0;0;1;1;1;1;0;0;215,87691983122363;0;0;9,419894514767932
PowLatec;02/03/2022, 16:00:00;2043,2965517241378;0;0;2043,2965517241378;0;0;0;0;1;1;1;1;0;0;216,6956592292089;0;0;9,830365111561866
PowLatec;02/03/2022, 17:00:00;1878,474610244989;0;0;1878,474610244989;0;0;0;0;1;1;1;1;0;0;219,26939866369707;0;0;8,919376391982183
PowLatec;02/03/2022, 18:00:00;1768,3112679425838;0;0;1768,3112679425838;0;0;0;0;1;1;1;1;0;0;220,98557416267943;0;0;8,407368421052631
PowLatec;02/03/2022, 19:00:00;1694,5908845208844;0;0;1694,5908845208844;0;0;0;0;1;1;1;1;0;0;220,60791154791156;0;0;8,025528255528256
PowLatec;02/03/2022, 20:00:00;1586,398;0;0;1586,398;0;0;0;0;1;1;1;1;0;0;221,6537037037037;0;0;7,473333333333333
PowLatec;02/03/2022, 21:00:00;1366,3808484848485;0;0;1366,3808484848485;0;0;0;0;1;1;1;1;0;0;221,5708484848485;0;0;6,433606060606061
PowLatec;02/03/2022, 22:00:00;1483,3783550913838;0;0;1483,3783550913838;0;0;0;0;1;1;1;1;0;0;221,65331592689296;0;0;6,997702349869451
PowLatec;02/03/2022, 23:00:00;1266,3783277591974;0;0;1266,3783277591974;0;0;0;0;1;1;1;1;0;0;221,68033444816052;0;0;6,002642140468227
PowLatec;03/03/2022, 0:00:00;1356,0519345238095;0;0;1356,0519345238095;0;0;0;0;1;1;1;1;0;0;218,86080357142856;0;0;6,462202380952381
PowLatec;03/03/2022, 1:00:00;1378,4869253731342;0;0;1378,4869253731342;0;0;0;0;1;1;1;1;0;0;218,66668656716416;0;0;6,550119402985074
PowLatec;03/03/2022, 2:00:00;1075,4856569343067;0;0;1075,4856569343067;0;0;0;0;1;1;1;1;0;0;219,17025547445257;0;0;5,089197080291971
PowLatec;03/03/2022, 3:00:00;1187,5191289198606;0;0;1187,5191289198606;0;0;0;0;1;1;1;1;0;0;218,9729268292683;0;0;5,662857142857143
PowLatec;03/03/2022, 4:00:00;1353,8623121387284;0;0;1353,8623121387284;0;0;0;0;1;1;1;1;0;0;216,46173410404623;0;0;6,512456647398844
PowLatec;03/03/2022, 5:00:00;1022,3170329670329;0;0;1022,3170329670329;0;0;0;0;1;1;1;1;0;0;217,95604395604394;0;0;4,889010989010989
PowLatec;03/03/2022, 6:00:00;1074,3907586206897;0;0;1074,3907586206897;0;0;0;0;1;1;1;1;0;0;218,36227586206897;0;0;5,183862068965517
PowLatec;03/03/2022, 7:00:00;1102,023210702341;0;0;1102,023210702341;0;0;0;0;1;1;1;1;0;0;218,6349498327759;0;0;5,240635451505017
PowLatec;03/03/2022, 8:00:00;1184,8710264900665;0;0;1184,8710264900665;0;0;0;0;1;1;1;1;0;0;217,5632450331126;0;0;5,6771192052980135
PowLatec;03/03/2022, 9:00:00;1444,0437243401761;0;0;1444,0437243401761;0;0;0;0;1;1;1;1;0;0;215,86706744868036;0;0;6,95574780058651
PowLatec;03/03/2022, 10:00:00;1712,7541336633665;0;0;1712,7541336633665;0;0;0;0;1;1;1;1;0;0;216,63024752475246;0;0;8,263836633663367
PowLatec;03/03/2022, 11:00:00;1774,2398081534773;0;0;1774,2398081534773;0;0;0;0;1;1;1;1;0;0;216,5143165467626;0;0;8,549640287769785
PowLatec;03/03/2022, 12:00:00;1898,5495289079229;0;0;1898,5495289079229;0;0;0;0;1;1;1;1;0;0;217,67464668094217;0;0;9,033918629550321
PowLatec;03/03/2022, 13:00:00;2071,705615384615;0;0;2071,705615384615;0;0;0;0;1;1;1;1;0;0;215,4926923076923;0;0;9,972865384615384
PowLatec;03/03/2022, 14:00:00;2205,7438819320214;0;0;2205,7438819320214;0;0;0;0;1;1;1;1;0;0;215,09488372093023;0;0;10,633828264758497
PowLatec;03/03/2022, 15:00:00;2248,5183934426227;0;0;2248,5183934426227;0;0;0;0;1;1;1;1;0;0;216,2174262295082;0;0;10,809327868852458
PowLatec;03/03/2022, 16:00:00;2180,449560260586;0;0;2180,449560260586;0;0;0;0;1;1;1;1;0;0;218,95384364820848;0;0;10,316042345276873
PowLatec;03/03/2022, 17:00:00;2031,1681320754715;0;0;2031,1681320754715;0;0;0;0;1;1;1;1;0;0;221,1227358490566;0;0;9,543188679245281
PowLatec;03/03/2022, 18:00:00;1882,37775;0;0;1882,37775;0;0;0;0;1;1;1;1;0;0;219,70822916666665;0;0;8,952708333333334
PowLatec;03/03/2022, 19:00:00;1827,887625;0;0;1827,887625;0;0;0;0;1;1;1;1;0;0;219,299;0;0;8,665958333333332
PowLatec;03/03/2022, 20:00:00;1630,9251184834125;0;0;1630,9251184834125;0;0;0;0;1;1;1;1;0;0;218,81258293838863;0;0;7,816706161137441
PowLatec;03/03/2022, 21:00:00;1543,5493368700265;0;0;1543,5493368700265;0;0;0;0;1;1;1;1;0;0;218,43575596816976;0;0;7,392175066312997
PowLatec;03/03/2022, 22:00:00;1542,0806750000002;0;0;1542,0806750000002;0;0;0;0;1;1;1;1;0;0;220,110675;0;0;7,367325000000001
PowLatec;03/03/2022, 23:00:00;1560,1670000000001;0;0;1560,1670000000001;0;0;0;0;1;1;1;1;0;0;220,82995;0;0;7,4178500000000005
PowLatec;04/03/2022, 0:00:00;1410,8615497076023;0;0;1410,8615497076023;0;0;0;0;1;1;1;1;0;0;218,08330409356722;0;0;6,756959064327486
PowLatec;04/03/2022, 1:00:00;1382,4022699386503;0;0;1382,4022699386503;0;0;0;0;1;1;1;1;0;0;218,92211656441717;0;0;6,540368098159509
PowLatec;04/03/2022, 2:00:00;1402,7915954415953;0;0;1402,7915954415953;0;0;0;0;1;1;1;1;0;0;215,5416809116809;0;0;6,834045584045584
PowLatec;04/03/2022, 3:00:00;1384,7075423728813;0;0;1384,7075423728813;0;0;0;0;1;1;1;1;0;0;216,8618644067797;0;0;6,713898305084746
PowLatec;04/03/2022, 4:00:00;1080,82688172043;0;0;1080,82688172043;0;0;0;0;1;1;1;1;0;0;217,1763799283154;0;0;5,172580645161291
PowLatec;04/03/2022, 5:00:00;1406,3253501400561;0;0;1406,3253501400561;0;0;0;0;1;1;1;1;0;0;218,05759103641455;0;0;6,746610644257703
PowLatec;04/03/2022, 6:00:00;1151,703665480427;0;0;1151,703665480427;0;0;0;0;1;1;1;1;0;0;219,1293950177936;0;0;5,475373665480427
PowLatec;04/03/2022, 7:00:00;1401,0188857938717;0;0;1401,0188857938717;0;0;0;0;1;1;1;1;0;0;218,67225626740947;0;0;6,659442896935933
PowLatec;04/03/2022, 8:00:00;1242,4548913043477;0;0;1242,4548913043477;0;0;0;0;1;1;1;1;0;0;219,34206521739128;0;0;5,919347826086956
PowLatec;04/03/2022, 9:00:00;1483,3981104651164;0;0;1483,3981104651164;0;0;0;0;1;1;1;1;0;0;219,34482558139533;0;0;7,013953488372094
PowLatec;04/03/2022, 10:00:00;1592,867659574468;0;0;1592,867659574468;0;0;0;0;1;1;1;1;0;0;218,3187234042553;0;0;7,556196808510639
PowLatec;04/03/2022, 11:00:00;1741,5428205128203;0;0;1741,5428205128203;0;0;0;0;1;1;1;1;0;0;219,06435897435898;0;0;8,342435897435898
PowLatec;04/03/2022, 12:00:00;1845,560511627907;0;0;1845,560511627907;0;0;0;0;1;1;1;1;0;0;220,245488372093;0;0;8,74646511627907
PowLatec;04/03/2022, 13:00:00;2060,196433566434;0;0;2060,196433566434;0;0;0;0;1;1;1;1;0;0;218,16752913752913;0;0;9,807342657342659
PowLatec;04/03/2022, 14:00:00;2182,681422121896;0;0;2182,681422121896;0;0;0;0;1;1;1;1;0;0;216,57891647855533;0;0;10,488555304740407
PowLatec;04/03/2022, 15:00:00;2124,29585106383;0;0;2124,29585106383;0;0;0;0;1;1;1;1;0;0;216,8679787234043;0;0;10,22040425531915
PowLatec;04/03/2022, 16:00:00;1907,895703517588;0;0;1907,895703517588;0;0;0;0;1;1;1;1;0;0;219,91384422110553;0;0;9,026658291457286
PowLatec;04/03/2022, 17:00:00;1822,6647883597884;0;0;1822,6647883597884;0;0;0;0;1;1;1;1;0;0;219,08444444444444;0;0;8,643148148148148
PowLatec;04/03/2022, 18:00:00;1761,4853804347827;0;0;1761,4853804347827;0;0;0;0;1;1;1;1;0;0;219,72546195652174;0;0;8,34470108695652
PowLatec;04/03/2022, 19:00:00;1743,403535031847;0;0;1743,403535031847;0;0;0;0;1;1;1;1;0;0;220,74544585987263;0;0;8,304872611464969
PowLatec;04/03/2022, 20:00:00;1603,820618556701;0;0;1603,820618556701;0;0;0;0;1;1;1;1;0;0;220,62786941580757;0;0;7,737766323024055
PowLatec;04/03/2022, 21:00:00;1639,076208053691;0;0;1639,076208053691;0;0;0;0;1;1;1;1;0;0;220,26516778523492;0;0;7,739731543624162
PowLatec;04/03/2022, 22:00:00;1560,9627719298246;0;0;1560,9627719298246;0;0;0;0;1;1;1;1;0;0;221,5;0;0;7,366736842105263
PowLatec;04/03/2022, 23:00:00;1558,9960443037974;0;0;1558,9960443037974;0;0;0;0;1;1;1;1;0;0;221,33756329113928;0;0;7,402974683544304
PowLatec;05/03/2022, 0:00:00;1358,9581069958845;0;0;1358,9581069958845;0;0;0;0;1;1;1;1;0;0;217,88637860082304;0;0;6,586584362139917
PowLatec;05/03/2022, 1:00:00;1357,4352654867257;0;0;1357,4352654867257;0;0;0;0;1;1;1;1;0;0;215,32420353982303;0;0;6,576548672566371
PowLatec;05/03/2022, 2:00:00;1400,8919262295083;0;0;1400,8919262295083;0;0;0;0;1;1;1;1;0;0;215,8142213114754;0;0;6,837909836065574
PowLatec;05/03/2022, 3:00:00;1195,7104529616724;0;0;1195,7104529616724;0;0;0;0;1;1;1;1;0;0;216,67853658536583;0;0;5,693031358885018
PowLatec;05/03/2022, 4:00:00;1058,2055350553505;0;0;1058,2055350553505;0;0;0;0;1;1;1;1;0;0;216,4780811808118;0;0;5,106383763837638
PowLatec;05/03/2022, 5:00:00;1155,3676632302406;0;0;1155,3676632302406;0;0;0;0;1;1;1;1;0;0;217,973058419244;0;0;5,633917525773195
PowLatec;05/03/2022, 6:00:00;918,73792;0;0;918,73792;0;0;0;0;1;1;1;1;0;0;220,16108;0;0;4,4302399999999995
PowLatec;05/03/2022, 7:00:00;1034,1621299638991;0;0;1034,1621299638991;0;0;0;0;1;1;1;1;0;0;220,3980144404332;0;0;4,9100361010830325
PowLatec;05/03/2022, 8:00:00;1167,1295918367346;0;0;1167,1295918367346;0;0;0;0;1;1;1;1;0;0;220,65544217687074;0;0;5,504489795918368
PowLatec;05/03/2022, 9:00:00;1209,0792334494772;0;0;1209,0792334494772;0;0;0;0;1;1;1;1;0;0;220,76271777003484;0;0;5,717003484320557
PowLatec;05/03/2022, 10:00:00;1193,0485263157893;0;0;1193,0485263157893;0;0;0;0;1;1;1;1;0;0;220,23694736842106;0;0;5,657368421052631
PowLatec;05/03/2022, 11:00:00;1183,2490747330962;0;0;1183,2490747330962;0;0;0;0;1;1;1;1;0;0;220,32459074733094;0;0;5,593202846975089
PowLatec;05/03/2022, 12:00:00;1454,9969026548672;0;0;1454,9969026548672;0;0;0;0;1;1;1;1;0;0;219,6260471976401;0;0;6,9041592920353985
PowLatec;05/03/2022, 13:00:00;1197,3373431734317;0;0;1197,3373431734317;0;0;0;0;1;1;1;1;0;0;218,5308856088561;0;0;5,734723247232472
PowLatec;05/03/2022, 14:00:00;1336,2901818181817;0;0;1336,2901818181817;0;0;0;0;1;1;1;1;0;0;220,15681818181818;0;0;6,3394242424242435
PowLatec;05/03/2022, 15:00:00;1275,1169938650307;0;0;1275,1169938650307;0;0;0;0;1;1;1;1;0;0;221,03003067484664;0;0;6,109294478527608
PowLatec;05/03/2022, 16:00:00;1041,7784074074073;0;0;1041,7784074074073;0;0;0;0;1;1;1;1;0;0;221,68366666666668;0;0;4,922148148148148
PowLatec;05/03/2022, 17:00:00;1365,8481952662721;0;0;1365,8481952662721;0;0;0;0;1;1;1;1;0;0;221,5259467455621;0;0;6,5056213017751485
PowLatec;05/03/2022, 18:00:00;1082,6852857142858;0;0;1082,6852857142858;0;0;0;0;1;1;1;1;0;0;221,91489285714286;0;0;5,078857142857142
PowLatec;05/03/2022, 19:00:00;1097,349185185185;0;0;1097,349185185185;0;0;0;0;1;1;1;1;0;0;222,68666666666667;0;0;5,1697037037037035
PowLatec;05/03/2022, 20:00:00;1163,423680781759;0;0;1163,423680781759;0;0;0;0;1;1;1;1;0;0;221,88947882736153;0;0;5,477752442996742
PowLatec;05/03/2022, 21:00:00;1030,2581690140846;0;0;1030,2581690140846;0;0;0;0;1;1;1;1;0;0;222,51978873239437;0;0;4,884577464788732
PowLatec;05/03/2022, 22:00:00;1120,8247386759583;0;0;1120,8247386759583;0;0;0;0;1;1;1;1;0;0;222,45637630662023;0;0;5,3448083623693385
PowLatec;05/03/2022, 23:00:00;1100,0210774410775;0;0;1100,0210774410775;0;0;0;0;1;1;1;1;0;0;222,68949494949496;0;0;5,203063973063973
PowLatec;06/03/2022, 0:00:00;1114,137845659164;0;0;1114,137845659164;0;0;0;0;1;1;1;1;0;0;218,7135691318328;0;0;5,372926045016078
PowLatec;06/03/2022, 1:00:00;750,1608771929824;0;0;750,1608771929824;0;0;0;0;1;1;1;1;0;0;220,359298245614;0;0;3,5513596491228068
PowLatec;06/03/2022, 2:00:00;1120,866464968153;0;0;1120,866464968153;0;0;0;0;1;1;1;1;0;0;219,86162420382166;0;0;5,32624203821656
PowLatec;06/03/2022, 3:00:00;742,6922821576763;0;0;742,6922821576763;0;0;0;0;1;1;1;1;0;0;220,463734439834;0;0;3,527634854771784
PowLatec;06/03/2022, 4:00:00;720,5457021276595;0;0;720,5457021276595;0;0;0;0;1;1;1;1;0;0;219,78344680851063;0;0;3,4253617021276597
PowLatec;06/03/2022, 5:00:00;749,6622844827587;0;0;749,6622844827587;0;0;0;0;1;1;1;1;0;0;218,89974137931034;0;0;3,6115086206896554
PowLatec;06/03/2022, 6:00:00;742,657;0;0;742,657;0;0;0;0;1;1;1;1;0;0;220,60421739130436;0;0;3,562608695652173
PowLatec;06/03/2022, 7:00:00;1033,1056622516558;0;0;1033,1056622516558;0;0;0;0;1;1;1;1;0;0;220,96966887417219;0;0;4,91817880794702
PowLatec;06/03/2022, 8:00:00;262,1488372093023;0;0;262,1488372093023;0;0;0;0;1;1;1;1;0;0;221,73122093023255;0;0;1,2127906976744185
PowLatec;06/03/2022, 9:00:00;733,1613852813854;0;0;733,1613852813854;0;0;0;0;1;1;1;1;0;0;221,44199134199133;0;0;3,506017316017316
PowLatec;06/03/2022, 10:00:00;1166,0566666666668;0;0;1166,0566666666668;0;0;0;0;1;1;1;1;0;0;221,39149206349208;0;0;5,541492063492064
PowLatec;06/03/2022, 11:00:00;1155,4221135646687;0;0;1155,4221135646687;0;0;0;0;1;1;1;1;0;0;221,02952681388012;0;0;5,527350157728707
PowLatec;06/03/2022, 12:00:00;1218,7713907284767;0;0;1218,7713907284767;0;0;0;0;1;1;1;1;0;0;220,41731788079468;0;0;5,793576158940398
PowLatec;06/03/2022, 13:00:00;1437,59056980057;0;0;1437,59056980057;0;0;0;0;1;1;1;1;0;0;219,75199430199433;0;0;6,931737891737892
PowLatec;06/03/2022, 14:00:00;1494,0645402298849;0;0;1494,0645402298849;0;0;0;0;1;1;1;1;0;0;219,3969540229885;0;0;7,084741379310344
PowLatec;06/03/2022, 15:00:00;1470,7195264623956;0;0;1470,7195264623956;0;0;0;0;1;1;1;1;0;0;219,09320334261835;0;0;7,041002785515321
PowLatec;06/03/2022, 16:00:00;1569,239483204134;0;0;1569,239483204134;0;0;0;0;1;1;1;1;0;0;219,5073126614987;0;0;7,471369509043928
PowLatec;06/03/2022, 17:00:00;1481,0419843342038;0;0;1481,0419843342038;0;0;0;0;1;1;1;1;0;0;221,7075718015666;0;0;7,042036553524804
PowLatec;06/03/2022, 18:00:00;1407,691632653061;0;0;1407,691632653061;0;0;0;0;1;1;1;1;0;0;221,32134110787172;0;0;6,649825072886297
PowLatec;06/03/2022, 19:00:00;1463,7826861702129;0;0;1463,7826861702129;0;0;0;0;1;1;1;1;0;0;221,99973404255317;0;0;6,839760638297872
PowLatec;06/03/2022, 20:00:00;1398,3788538681947;0;0;1398,3788538681947;0;0;0;0;1;1;1;1;0;0;221,32057306590258;0;0;6,62054441260745
PowLatec;06/03/2022, 21:00:00;1152,6833691756274;0;0;1152,6833691756274;0;0;0;0;1;1;1;1;0;0;221,94175627240142;0;0;5,433118279569893
PowLatec;06/03/2022, 22:00:00;1237,1308709677419;0;0;1237,1308709677419;0;0;0;0;1;1;1;1;0;0;221,2596129032258;0;0;5,7978387096774195
PowLatec;06/03/2022, 23:00:00;1039,9678764478765;0;0;1039,9678764478765;0;0;0;0;1;1;1;1;0;0;222,4846718146718;0;0;4,899382239382239
PowLatec;07/03/2022, 0:00:00;1142,3421160409555;0;0;1142,3421160409555;0;0;0;0;1;1;1;1;0;0;218,0946757679181;0;0;5,444846416382252
PowLatec;07/03/2022, 1:00:00;733,7518222222222;0;0;733,7518222222222;0;0;0;0;1;1;1;1;0;0;219,87844444444443;0;0;3,501333333333333
PowLatec;07/03/2022, 2:00:00;734,3141739130434;0;0;734,3141739130434;0;0;0;0;1;1;1;1;0;0;220,94691304347828;0;0;3,480956521739131
PowLatec;07/03/2022, 3:00:00;719,723947368421;0;0;719,723947368421;0;0;0;0;1;1;1;1;0;0;219,83609649122806;0;0;3,433947368421052
PowLatec;07/03/2022, 4:00:00;745,5055947136564;0;0;745,5055947136564;0;0;0;0;1;1;1;1;0;0;219,94951541850222;0;0;3,6130837004405283
PowLatec;07/03/2022, 5:00:00;39,96581699346405;0;0;39,96581699346405;0;0;0;0;1;1;1;1;0;0;221,87117647058824;0;0;0,1734640522875817
PowLatec;07/03/2022, 6:00:00;639,5011363636364;0;0;639,5011363636364;0;0;0;0;1;1;1;1;0;0;218,8221363636364;0;0;3,0671363636363638
PowLatec;07/03/2022, 7:00:00;723,3775652173913;0;0;723,3775652173913;0;0;0;0;1;1;1;1;0;0;219,35647826086955;0;0;3,4448695652173917
PowLatec;07/03/2022, 8:00:00;715,595641025641;0;0;715,595641025641;0;0;0;0;1;1;1;1;0;0;217,8238034188034;0;0;3,416880341880342
PowLatec;07/03/2022, 9:00:00;39,174181818181815;0;0;39,174181818181815;0;0;0;0;1;1;1;1;0;0;218,62163636363633;0;0;0,17090909090909093
